compound,n_total,unique_cell_lines,n_high,n_low,auc_mean_high,auc_mean_low,auc_median_high,auc_median_low,delta_mean_high_minus_low,delta_median_high_minus_low,mw_p,mw_fdr,significant_fdr_0_05,significant_p_0_05,significant_p_0_10
BI-2536 (BRD:BRD-K64890080-001-13-8),8,8,3,5,0.7261182515073278,0.4623434789928346,0.665063765084559,0.4713849419544,0.26377477251449316,0.193678823130159,0.03571428571428571,0.33220338983050846,False,True,True
CABAZITAXEL (BRD:BRD-K06858286-001-01-3),8,8,3,5,0.4953151604578226,0.2990808143713374,0.502675031021815,0.335904899761882,0.1962343460864852,0.166770131259933,0.03571428571428571,0.33220338983050846,False,True,True
CANERTINIB (BRD:BRD-K50168500-001-07-9),8,8,3,5,0.7990529563745654,0.9544023239699257,0.8212459257585515,0.9505704186043828,-0.15534936759536033,-0.12932449284583136,0.03571428571428571,0.33220338983050846,False,True,True
CEPHALOMANNINE (BRD:BRD-K68904758-001-03-5),8,8,3,5,0.6043711605854886,0.48474852483256925,0.605063795165262,0.488145966218337,0.11962263575291932,0.11691782894692498,0.03571428571428571,0.33220338983050846,False,True,True
CHOLECALCIFEROL (BRD:BRD-K62779383-001-05-5),8,8,3,5,0.8831219511523821,0.828307301100463,0.889310530524525,0.838147155547526,0.0548146500519191,0.051163374976999076,0.03571428571428571,0.33220338983050846,False,True,True
CMPD-1 (BRD:BRD-K54095730-001-03-1),8,8,3,5,0.922332313780848,0.8291677568464412,0.922427072712685,0.836844072749624,0.09316455693440684,0.08558299996306096,0.03571428571428571,0.33220338983050846,False,True,True
CRENOLANIB (BRD:BRD-K22127577-001-03-7),8,8,3,5,0.8556285115314957,0.6663213636982237,0.841697483344696,0.69416512947516,0.18930714783327196,0.147532353869536,0.03571428571428571,0.33220338983050846,False,True,True
CYT-997 (BRD:BRD-K23363278-001-02-1),8,8,3,5,0.6846456075665864,0.5433845010986318,0.66193182367911,0.536603017586546,0.14126110646795464,0.12532880609256392,0.03571428571428571,0.33220338983050846,False,True,True
DINACICLIB (BRD:BRD-K13662825-001-07-5),8,8,3,5,0.8457853692500787,0.5306354163682995,0.7985577259730812,0.554394719775519,0.31514995288177927,0.24416300619756215,0.03571428571428571,0.33220338983050846,False,True,True
DOLASTATIN-10 (BRD:BRD-K78567475-001-01-4),8,8,3,5,0.2961351033606263,0.11332772196206949,0.274578843048274,0.0924247457825988,0.18280738139855685,0.18215409726567522,0.03571428571428571,0.33220338983050846,False,True,True
ER-27319 (BRD:BRD-K11927976-050-02-9),8,8,3,5,0.8685297970330407,0.8007372948747861,0.871633460117594,0.819078247188588,0.06779250215825461,0.052555212929006,0.03571428571428571,0.33220338983050846,False,True,True
EXELBINE (BRD:BRD-K69280563-001-01-8),8,8,3,5,0.7769296647443861,0.5974788065582339,0.78662715980719,0.600253879615388,0.17945085818615214,0.186373280191802,0.03571428571428571,0.33220338983050846,False,True,True
NEMORUBICIN (BRD:BRD-K51911221-001-01-2),8,8,3,5,0.43376965074699664,0.3627226290975924,0.410642695723177,0.398486740184365,0.07104702164940424,0.012155955538812047,0.03571428571428571,0.33220338983050846,False,True,True
OXIBENDAZOLE (BRD:BRD-K52075715-001-06-7),8,8,3,5,0.8794465412252314,0.7856738213878576,0.859592455334568,0.800545761224594,0.09377271983737379,0.059046694109973985,0.03571428571428571,0.33220338983050846,False,True,True
PD-168393 (BRD:BRD-K17702546-001-03-2),8,8,3,5,0.6869811535125923,0.8456072385661819,0.692022417998771,0.845949738432355,-0.15862608505358966,-0.15392732043358404,0.03571428571428571,0.33220338983050846,False,True,True
PHA-767491 (BRD:BRD-K50000283-001-04-4),8,8,3,5,0.9361071449775394,0.8485331064035941,0.947007992418258,0.860359604598509,0.0875740385739453,0.08664838781974893,0.03571428571428571,0.33220338983050846,False,True,True
PODOPHYLLOTOXIN (BRD:BRD-K47869605-001-32-0),8,8,3,5,0.626869622898924,0.47132102400187553,0.618436485529126,0.458305319436066,0.15554859889704847,0.16013116609306,0.03571428571428571,0.33220338983050846,False,True,True
RUBITECAN (BRD:BRD-K79821389-001-03-5),8,8,3,5,0.7080956866117353,0.34967117231372435,0.680077380953283,0.352580052073241,0.3584245142980109,0.32749732888004196,0.03571428571428571,0.33220338983050846,False,True,True
SEPANTRONIUM BROMIDE (BRD:BRD-K76703230-004-04-1),8,8,3,5,0.468680569787312,0.1553241479433082,0.431122393535902,0.129887348005173,0.3133564218440038,0.301235045530729,0.03571428571428571,0.33220338983050846,False,True,True
TG-02 (BRD:BRD-K14560436-001-01-4),8,8,3,5,0.832573520395466,0.77641608668338,0.825630273612264,0.7827151001063,0.056157433712085925,0.04291517350596408,0.03571428571428571,0.33220338983050846,False,True,True
TOPOTECAN (BRD:BRD-K55696337-003-24-4),8,8,3,5,0.7622127853506823,0.4499552730166959,0.77099657049264,0.489008464271443,0.31225751233398635,0.281988106221197,0.03571428571428571,0.33220338983050846,False,True,True
VELBAN (BRD:BRD-K06519765-065-01-6),8,8,3,5,0.6342851750863927,0.336962871599765,0.68065142152417,0.309593249505525,0.2973223034866277,0.371058172018645,0.03571428571428571,0.33220338983050846,False,True,True
VERUBULIN (BRD:BRD-K42673188-001-01-1),8,8,3,5,0.5946201535373823,0.30952489968072155,0.598982168700051,0.281035019342229,0.28509525385666074,0.31794714935782203,0.03571428571428571,0.33220338983050846,False,True,True
VINCRISTINE (BRD:BRD-K12251893-065-04-7),8,8,3,5,0.6651868946082613,0.30223855554099266,0.707243624296141,0.213902227713162,0.36294833906726864,0.49334139658297893,0.03571428571428571,0.33220338983050846,False,True,True
VINDESINE (BRD:BRD-K59753975-001-02-6),8,8,3,5,0.7209261645763609,0.42159503669659903,0.768388722091438,0.363532465527401,0.2993311278797619,0.40485625656403706,0.03571428571428571,0.33220338983050846,False,True,True
WP1130 (BRD:BRD-K43644456-001-04-0),8,8,3,5,0.7903730826286056,0.6968874663440007,0.796624469247416,0.698229436110131,0.09348561628460494,0.09839503313728504,0.03571428571428571,0.33220338983050846,False,True,True
10-HYDROXYCAMPTOTHECIN (BRD:BRD-K63784565-001-06-2),7,7,3,4,0.52046181621371,0.2253105742793975,0.526395750484696,0.245346688579506,0.2951512419343125,0.28104906190518997,0.05714285714285714,0.33220338983050846,False,False,True
A-674563 (BRD:BRD-K78177893-001-02-4),7,7,3,4,0.8357008763511403,0.7450839509716514,0.840320687539781,0.746146270454753,0.09061692537948896,0.09417441708502794,0.05714285714285714,0.33220338983050846,False,False,True
AT-9283 (BRD:BRD-K24576554-001-04-8),7,7,3,4,0.9133122452997497,0.7424517529319867,0.901151621587262,0.7546421908769105,0.17086049236776302,0.1465094307103515,0.05714285714285714,0.33220338983050846,False,False,True
AZD5438 (BRD:BRD-K72414522-001-06-7),7,7,3,4,0.8806959563677891,0.8101320442028201,0.858787704412113,0.8134171171365201,0.07056391216496893,0.045370587275592955,0.05714285714285714,0.33220338983050846,False,False,True
AZD8931 (BRD:BRD-K98572433-001-02-9),7,7,3,4,0.6291957343628302,0.8860980022999336,0.6579763598081838,0.9050757428214717,-0.25690226793710347,-0.24709938301328793,0.05714285714285714,0.33220338983050846,False,False,True
BNTX (BRD:BRD-A55484088-050-02-5),7,7,3,4,0.9187464604738661,0.8484577453965273,0.942055949852863,0.8562129400926111,0.0702887150773388,0.08584300976025194,0.05714285714285714,0.33220338983050846,False,False,True
BX-912 (BRD:BRD-K49669041-001-08-4),7,7,3,4,0.905676479361463,0.7361222296171157,0.933344006007419,0.743173551121023,0.1695542497443473,0.19017045488639595,0.05714285714285714,0.33220338983050846,False,False,True
CHLORIDINE (BRD:BRD-K88429204-001-35-1),7,7,3,4,0.861075616220199,0.9089370456544023,0.865596747814171,0.9152229999004945,-0.04786142943420324,-0.04962625208632354,0.05714285714285714,0.33220338983050846,False,False,True
CLONAZEPAM (BRD:BRD-K38183498-001-02-0),7,7,3,4,0.777768756194678,0.633154333600732,0.766085865919172,0.6401653208665725,0.14461442259394597,0.12592054505259953,0.05714285714285714,0.33220338983050846,False,False,True
CYCLOCYTIDINE (BRD:BRD-K67536197-003-11-4),7,7,3,4,0.8547205211649619,0.7182325941731383,0.814570482729401,0.7157753416102746,0.13648792699182355,0.09879514111912646,0.05714285714285714,0.33220338983050846,False,False,True
DAUNORUBICIN (BRD:BRD-K43389675-001-02-1),7,7,3,4,0.9341862419725424,0.6943781901119405,0.9640047772262214,0.7610686208421683,0.23980805186060195,0.20293615638405305,0.05714285714285714,0.33220338983050846,False,False,True
DCEBIO (BRD:BRD-K89299012-001-06-0),7,7,3,4,0.92199236661896,0.78934453243579,0.914179095561016,0.79070284539438,0.13264783418317005,0.12347625016663599,0.05714285714285714,0.33220338983050846,False,False,True
DICLAZURIL (BRD:BRD-A06426627-001-03-5),7,7,3,4,0.8791376784089926,0.7909903278738935,0.851347240579032,0.7863983975753774,0.08814735053509914,0.06494884300365455,0.05714285714285714,0.33220338983050846,False,False,True
EMBELIC ACID (BRD:BRD-K86727142-001-12-4),7,7,3,4,0.9363076730947686,0.8872809558591737,0.924872291811778,0.905554845326149,0.04902671723559493,0.019317446485628942,0.05714285714285714,0.33220338983050846,False,False,True
EMETINE (BRD:BRD-A25687296-300-04-3),7,7,3,4,0.7071823562236513,0.5564118214389765,0.71603303529261,0.5663975671730546,0.15077053478467484,0.14963546811955541,0.05714285714285714,0.33220338983050846,False,False,True
FLOXURIDINE (BRD:BRD-K47832606-001-30-1),7,7,3,4,0.7590978785490891,0.6047473184606076,0.769721495140663,0.6458008180850755,0.15435056008848147,0.12392067705558751,0.05714285714285714,0.33220338983050846,False,False,True
GALETERONE (BRD:BRD-A07986123-001-02-8),7,7,3,4,0.779995227247343,0.8250452122530038,0.779831011998316,0.8248154991182325,-0.04504998500566071,-0.04498448711991654,0.05714285714285714,0.33220338983050846,False,False,True
GEFITINIB (BRD:BRD-K64052750-001-22-5),7,7,3,4,0.7435469170280976,0.9233850673387074,0.6915310655137183,0.9187664431011355,-0.1798381503106098,-0.2272353775874172,0.05714285714285714,0.33220338983050846,False,False,True
GEMCITABINE (BRD:BRD-K15108141-001-06-6),7,7,3,4,0.507796734098264,0.20751887647915623,0.452370207132767,0.202655840049217,0.30027785761910775,0.24971436708355,0.05714285714285714,0.33220338983050846,False,False,True
GENZ-644282 (BRD:BRD-K99475619-001-01-2),7,7,3,4,0.48777060071941497,0.26269927649186475,0.466130574610746,0.2797689525390915,0.22507132422755022,0.18636162207165446,0.05714285714285714,0.33220338983050846,False,False,True
IXABEPILONE (BRD:BRD-K03601870-001-01-2),7,7,3,4,0.708985446129894,0.6109488721022875,0.711281824028335,0.6121572380003795,0.09803657402760646,0.09912458602795549,0.05714285714285714,0.33220338983050846,False,False,True
JK-184 (BRD:BRD-K38860038-001-01-2),7,7,3,4,0.7153340188122698,0.5616844503062639,0.673645300855512,0.579487914556201,0.15364956850600586,0.09415738629931103,0.05714285714285714,0.33220338983050846,False,False,True
K-858 (BRD:BRD-A67748489-001-10-0),7,7,3,4,0.8096866756132778,0.715540652231357,0.808680612376926,0.712460926170229,0.0941460233819208,0.09621968620669696,0.05714285714285714,0.33220338983050846,False,False,True
NMS-1286937 (BRD:BRD-K83699324-001-01-1),7,7,3,4,0.6042973129073633,0.5206841983863725,0.603278324422409,0.5245158745592959,0.08361311452099085,0.0787624498631131,0.05714285714285714,0.33220338983050846,False,False,True
NSC-3852 (BRD:BRD-K13169950-001-14-4),7,7,3,4,0.9133350243205207,0.838116711726558,0.890047727919858,0.839305033546235,0.07521831259396272,0.050742694373623,0.05714285714285714,0.33220338983050846,False,False,True
NSC-632839 (BRD:BRD-K81197548-003-01-4),7,7,3,4,0.9006624024202123,0.8456012990467413,0.897070247270073,0.8537666864725479,0.05506110337347103,0.043303560797525065,0.05714285714285714,0.33220338983050846,False,False,True
PERUVOSIDE (BRD:BRD-A72716251-001-01-5),7,7,3,4,0.642055095025306,0.5077435657914535,0.636567084411532,0.5529684491660485,0.13431152923385248,0.0835986352454835,0.05714285714285714,0.33220338983050846,False,False,True
PR-619 (BRD:BRD-K54395039-001-01-7),7,7,3,4,0.8757949952317383,0.8267287846468162,0.869889523650758,0.829980029500704,0.04906621058492211,0.03990949415005396,0.05714285714285714,0.33220338983050846,False,False,True
PU-H71 (BRD:BRD-K36529613-001-02-6),7,7,3,4,0.812378468680124,0.6810067332521464,0.785397385592913,0.6766688813012015,0.13137173542797753,0.10872850429171155,0.05714285714285714,0.33220338983050846,False,False,True
SPIRONOLACTONE (BRD:BRD-K90027355-001-13-3),7,7,3,4,0.8424804735535923,0.8015202406578298,0.838032202888164,0.80559695202089,0.04096023289576256,0.03243525086727406,0.05714285714285714,0.33220338983050846,False,False,True
TASELISIB (BRD:BRD-K44844162-001-01-6),7,7,3,4,0.6779779684704271,0.8451985543210332,0.689572764797527,0.84208654449127,-0.16722058585060606,-0.1525137796937429,0.05714285714285714,0.33220338983050846,False,False,True
VALRUBICIN (BRD:BRD-K72951360-001-01-4),7,7,3,4,0.7619465448079724,0.6609454722186311,0.754033847326003,0.653318390801982,0.10100107258934132,0.10071545652402103,0.05714285714285714,0.33220338983050846,False,False,True
XL888 (BRD:BRD-A03506276-001-01-5),7,7,3,4,0.6876994755961796,0.5702274293680798,0.661642749433067,0.581442870999249,0.11747204622809981,0.08019987843381804,0.05714285714285714,0.33220338983050846,False,False,True
ANISOMYCIN (BRD:BRD-K91370081-001-25-1),8,8,3,5,0.8167006699662346,0.6960833522200419,0.831741247291914,0.69239233804205,0.12061731774619266,0.13934890924986398,0.07142857142857142,0.35,False,False,True
BERZOSERTIB (BRD:BRD-K04701033-001-03-9),8,8,3,5,0.7486902764270487,0.585747106426581,0.756553311078853,0.544677817601152,0.16294317000046765,0.21187549347770107,0.07142857142857142,0.35,False,False,True
EPOTHILONE-A (BRD:BRD-K71823332-001-03-7),8,8,3,5,0.5776478975269831,0.4438260864550142,0.579392272535308,0.43736136300633,0.1338218110719689,0.142030909528978,0.07142857142857142,0.35,False,False,True
GW-843682X (BRD:BRD-K90382497-001-10-7),8,8,3,5,0.7925863023622427,0.72299712763363,0.798306953003105,0.718886004476273,0.0695891747286127,0.0794209485268319,0.07142857142857142,0.35,False,False,True
JTC-801 (BRD:BRD-K17705806-003-04-4),8,8,3,5,0.8428826288812084,0.8665624776651193,0.841392996986004,0.860533919262665,-0.02367984878391094,-0.019140922276660977,0.07142857142857142,0.35,False,False,True
LY2784544 (BRD:BRD-K25630527-001-03-8),8,8,3,5,0.9000534388836706,0.742670534617073,0.88233346727984,0.735484940995058,0.15738290426659762,0.14684852628478196,0.07142857142857142,0.35,False,False,True
NERATINIB (BRD:BRD-K85606544-001-09-1),8,8,3,5,0.7277200621205299,0.9103670046072019,0.6875432292406777,0.9327450620755304,-0.18264694248667201,-0.24520183283485275,0.07142857142857142,0.35,False,False,True
PIRENPERONE (BRD:BRD-K25224017-001-25-0),8,8,3,5,0.814889378296353,0.7393991641915982,0.816117610628351,0.729748864624165,0.07549021410475476,0.08636874600418598,0.07142857142857142,0.35,False,False,True
TAK-901 (BRD:BRD-K01683783-001-02-6),8,8,3,5,0.874426609485759,0.7256615598709993,0.899338667571752,0.722483970096204,0.14876504961475967,0.17685469747554794,0.07142857142857142,0.35,False,False,True
TUCATINIB (BRD:BRD-K26026438-001-01-0),8,8,3,5,0.7279584974767846,0.8961828016092692,0.6912884420880188,0.906733126252985,-0.16822430413248457,-0.2154446841649662,0.07142857142857142,0.35,False,False,True
VINFLUNINE (BRD:BRD-K64120610-001-01-4),8,8,3,5,0.8183197137109223,0.5604279255384886,0.906758918129703,0.546445708489661,0.25789178817243363,0.360313209640042,0.07142857142857142,0.35,False,False,True
AMSACRINE (BRD:BRD-K68346641-001-01-4),6,6,3,3,0.7757199121766744,0.6101903535978417,0.765666482224823,0.634424321255811,0.16552955857883267,0.13124216096901198,0.1,0.3733333333333333,False,False,False
ENDO-IWR-1 (BRD:BRD-K61314889-001-04-4),6,6,3,3,0.8790088931426516,0.82897046993155,0.858072930018707,0.833842934767401,0.050038423211101635,0.02422999525130598,0.1,0.3733333333333333,False,False,False
IDARUBICIN (BRD:BRD-K69650333-003-14-0),6,6,3,3,0.7183948093765501,0.592481446388895,0.716314168610527,0.55700228507418,0.1259133629876551,0.15931188353634695,0.1,0.3733333333333333,False,False,False
MAYTANSINOL-ISOBUTYRATE (BRD:BRD-K15898725-001-01-7),6,6,3,3,0.406460431497575,0.12328019959807003,0.417640650939626,0.104649965543965,0.283180231899505,0.312990685395661,0.1,0.3733333333333333,False,False,False
SN38 (BRD:BRD-K89561498-001-01-7),6,6,3,3,0.5358350122469037,0.17759078632921513,0.501360615378125,0.169698476465036,0.35824422591768856,0.33166213891308904,0.1,0.3733333333333333,False,False,False
SPIRADOLINE (BRD:BRD-K28192623-066-08-1),6,6,3,3,0.8928286120341017,0.7424628073016574,0.881127908658235,0.738682049003092,0.15036580473244432,0.142445859655143,0.1,0.3733333333333333,False,False,False
TIPIFARNIB (BRD:BRD-K62965247-001-04-9),6,6,3,3,0.8869601446993931,0.7061402043144547,0.910466430704835,0.662278042252559,0.18081994038493843,0.24818838845227598,0.1,0.3733333333333333,False,False,False
10-DEACETYLBACCATIN (BRD:BRD-K96631475-001-02-4),7,7,3,4,0.8851410026261867,0.8015170898098745,0.886749863282282,0.8053395987739835,0.08362391281631221,0.08141026450829847,0.11428571428571428,0.3733333333333333,False,False,False
9-AMINOACRIDINE (BRD:BRD-K00535541-001-06-3),7,7,3,4,0.8765598203941879,0.8219172607640017,0.882768417461297,0.835882269406738,0.05464255963018616,0.04688614805455893,0.11428571428571428,0.3733333333333333,False,False,False
ABT-751 (BRD:BRD-K91623615-001-05-0),7,7,3,4,0.720657157864358,0.6184318268475917,0.768097108471937,0.583575401788204,0.10222533101676634,0.18452170668373302,0.11428571428571428,0.3733333333333333,False,False,False
AV-412 (BRD:BRD-K23190681-001-01-1),7,7,3,4,0.9308456697275599,0.8131817212953079,0.95813313984398,0.835981171935742,0.11766394843225203,0.12215196790823801,0.11428571428571428,0.3733333333333333,False,False,False
AZD7762 (BRD:BRD-K86525559-001-07-8),7,7,3,4,0.6897314033737086,0.5423433932069215,0.70510324726337,0.5448740142648605,0.14738801016678715,0.16022923299850955,0.11428571428571428,0.3733333333333333,False,False,False
BI-78D3 (BRD:BRD-K73982490-001-02-9),7,7,3,4,0.9042164385749399,0.8233540612043487,0.905422462761498,0.8313243080366175,0.08086237737059121,0.07409815472488046,0.11428571428571428,0.3733333333333333,False,False,False
BMS-387032 (BRD:BRD-K43389698-001-09-9),7,7,3,4,0.7218460140022116,0.5572813808596362,0.704759380514298,0.535062691276408,0.1645646331425754,0.16969668923788994,0.11428571428571428,0.3733333333333333,False,False,False
CRIZOTINIB-(S) (BRD:BRD-K40308497-001-01-2),7,7,3,4,0.8727927071966866,0.8443662977834794,0.877275612436658,0.839147880203666,0.028426409413207177,0.03812773223299193,0.11428571428571428,0.3733333333333333,False,False,False
D-64131 (BRD:BRD-K26997899-001-02-2),7,7,3,4,0.8186791660696624,0.6143282910678878,0.791604786485004,0.6113398589550565,0.20435087500177462,0.1802649275299475,0.11428571428571428,0.3733333333333333,False,False,False
DANUSERTIB (BRD:BRD-K07881437-001-04-6),7,7,3,4,0.751624577545166,0.42000845217392874,0.817280347967666,0.394844315614417,0.33161612537123725,0.422436032353249,0.11428571428571428,0.3733333333333333,False,False,False
DOXORUBICIN (BRD:BRD-K92093830-003-30-8),7,7,3,4,0.655317467585506,0.570460873411582,0.662443737213834,0.556735281981418,0.084856594173924,0.10570845523241601,0.11428571428571428,0.3733333333333333,False,False,False
HA14-1 (BRD:BRD-K18163608-001-05-6),7,7,3,4,0.9257736403153606,0.877108110306364,0.922023791832767,0.8676770379130395,0.04866553000899654,0.05434675391972743,0.11428571428571428,0.3733333333333333,False,False,False
HALOFUGINONE (BRD:BRD-K54247840-004-01-3),7,7,3,4,0.7446449678131349,0.6030587499813937,0.741363336425648,0.5826192910396225,0.1415862178317412,0.1587440453860255,0.11428571428571428,0.3733333333333333,False,False,False
IXAZOMIB-CITRATE (BRD:BRD-A66419424-001-02-4),7,7,3,4,0.7784324313926567,0.670573012387308,0.804637551278392,0.6848543760768651,0.10785941900534868,0.11978317520152693,0.11428571428571428,0.3733333333333333,False,False,False
JNJ-7706621 (BRD:BRD-K11636097-001-03-1),7,7,3,4,0.898203343484826,0.8437513675714308,0.876095402619957,0.849875911451867,0.054451975913395234,0.02621949116808997,0.11428571428571428,0.3733333333333333,False,False,False
KX2-391 (BRD:BRD-K29968218-001-03-2),7,7,3,4,0.7048898989271647,0.562257197723948,0.714729773007655,0.5415175029247026,0.1426327012032167,0.17321227008295237,0.11428571428571428,0.3733333333333333,False,False,False
LY2334737 (BRD:BRD-K04993719-001-01-7),7,7,3,4,0.86951531178025,0.8227575207545563,0.84502574830794,0.8208304175700536,0.04675779102569366,0.024195330737886378,0.11428571428571428,0.3733333333333333,False,False,False
LY2874455 (BRD:BRD-K17203476-001-01-9),7,7,3,4,0.8182596954043694,0.648546052032109,0.84797970134637,0.6550536444527545,0.16971364337226036,0.19292605689361553,0.11428571428571428,0.3733333333333333,False,False,False
NMS-E973 (BRD:BRD-K58770988-001-01-8),7,7,3,4,0.728331520364032,0.5926950447892521,0.706496440982181,0.581233467085293,0.13563647557477998,0.125262973896888,0.11428571428571428,0.3733333333333333,False,False,False
OSIMERTINIB (BRD:BRD-K42805893-001-04-9),7,7,3,4,0.7297176457341772,0.8908394263345516,0.7224815427302904,0.9244276715179596,-0.1611217806003744,-0.20194612878766915,0.11428571428571428,0.3733333333333333,False,False,False
PACRITINIB (BRD:BRD-K19034817-001-01-4),7,7,3,4,0.9129183791515371,0.8659140471987252,0.896726022262594,0.86107245284161,0.04700433195281184,0.035653569420983966,0.11428571428571428,0.3733333333333333,False,False,False
PF-477736 (BRD:BRD-K03063480-001-06-6),7,7,3,4,0.881193306041287,0.6406380043944653,0.907022693751225,0.5933876955653501,0.2405553016468217,0.3136349981858749,0.11428571428571428,0.3733333333333333,False,False,False
SALINOMYCIN (BRD:BRD-A28301258-001-03-0),7,7,3,4,0.8810477251152636,0.80690369896812,0.871886900594688,0.7951506850343935,0.07414402614714366,0.07673621556029453,0.11428571428571428,0.3733333333333333,False,False,False
STATTIC (BRD:BRD-K17061841-001-03-5),7,7,3,4,0.9213277361405546,0.8744444975037458,0.936843965498405,0.8680446095696335,0.04688323863680888,0.06879935592877151,0.11428571428571428,0.3733333333333333,False,False,False
THONZONIUM (BRD:BRD-K13387373-004-14-5),7,7,3,4,0.8555134717212715,0.8139741831003743,0.845606351211676,0.8112856370495525,0.041539288620897175,0.03432071416212357,0.11428571428571428,0.3733333333333333,False,False,False
TRIPTOLIDE (BRD:BRD-K39484304-001-16-5),7,7,3,4,0.3501482748101455,0.0856003738490584,0.3209062551448,0.0462173268722442,0.2645479009610871,0.27468892827255575,0.11428571428571428,0.3733333333333333,False,False,False
WAY-170523 (BRD:BRD-K36198571-001-02-0),7,7,3,4,0.8109134378120704,0.8971779351948868,0.806766417175358,0.8802505434081616,-0.08626449738281639,-0.07348412623280354,0.11428571428571428,0.3733333333333333,False,False,False
WAY-600 (BRD:BRD-K85920262-001-02-1),7,7,3,4,0.7917859477685639,0.856090724663559,0.793864904928453,0.8660616186378496,-0.06430477689499503,-0.07219671370939662,0.11428571428571428,0.3733333333333333,False,False,False
AURORA-A-INHIBITOR-I (BRD:BRD-K53561341-001-07-5),8,8,3,5,0.8988161301109536,0.8647148366268114,0.884891110178475,0.870242497339387,0.03410129348414226,0.014648612839088027,0.14285714285714285,0.3951612903225806,False,False,False
BORTEZOMIB (BRD:BRD-K88510285-001-17-8),8,8,3,5,0.7627573281632726,0.6035677212616145,0.777286775124503,0.5972467476146853,0.15918960690165807,0.18004002750981762,0.14285714285714285,0.3951612903225806,False,False,False
CARFILZOMIB (BRD:BRD-K15179879-001-03-2),8,8,3,5,0.6502815356799355,0.44324450605171944,0.7399800763197212,0.442249221396922,0.20703702962821607,0.29773085492279916,0.14285714285714285,0.3951612903225806,False,False,False
CCT137690 (BRD:BRD-K03289018-001-02-7),8,8,3,5,0.8586267451738699,0.7799059013803136,0.842633121188138,0.766198567959092,0.07872084379355637,0.07643455322904602,0.14285714285714285,0.3951612903225806,False,False,False
CETRIMONIUM (BRD:BRD-K47079459-004-04-6),8,8,3,5,0.9068254264377803,0.8459498034624586,0.887132446954426,0.864950669012587,0.060875622975321675,0.022181777941838954,0.14285714285714285,0.3951612903225806,False,False,False
DIOSCIN (BRD:BRD-K37723606-001-01-5),8,8,3,5,0.9247707272817457,0.8307508844872714,0.932197971125384,0.829146281218645,0.09401984279447428,0.10305168990673907,0.14285714285714285,0.3951612903225806,False,False,False
EPOTHILONE-B (BRD:BRD-K68164687-001-01-6),8,8,3,5,0.380170629482739,0.2622511234767716,0.38543520195372,0.262773043854361,0.1179195060059674,0.12266215809935899,0.14285714285714285,0.3951612903225806,False,False,False
FLUVASTATIN (BRD:BRD-K66296774-236-11-3),8,8,3,5,0.8787507770759037,0.7879639027060739,0.87080430040993,0.763689898764151,0.0907868743698298,0.1071144016457789,0.14285714285714285,0.3951612903225806,False,False,False
HEXAMINOLEVULINATE (BRD:BRD-K73753850-003-01-6),8,8,3,5,0.9463499929188407,0.8987014810564137,0.936143257393279,0.897865273093996,0.04764851186242702,0.038277984299282974,0.14285714285714285,0.3951612903225806,False,False,False
LDN-212854 (BRD:BRD-K59831625-001-01-6),8,8,3,5,0.813341058448382,0.7643999637519588,0.827078024627674,0.757464557352372,0.04894109469642316,0.06961346727530204,0.14285714285714285,0.3951612903225806,False,False,False
MK 2206 (BRD:BRD-K68065987-300-09-1),8,8,3,5,0.7432438254583129,0.8263605140051051,0.793387733280005,0.841269440478151,-0.08311668854679222,-0.047881707198145995,0.14285714285714285,0.3951612903225806,False,False,False
NSC-697923 (BRD:BRD-K20605374-001-05-4),8,8,3,5,0.8492379717184916,0.7942639007706533,0.842499291750085,0.799131263579576,0.05497407094783824,0.043368028170509,0.14285714285714285,0.3951612903225806,False,False,False
OTS167 (BRD:BRD-K53417444-003-03-1),8,8,3,5,0.5036094846823307,0.3763500371913578,0.552594813824468,0.344760020210571,0.1272594474909729,0.20783479361389695,0.14285714285714285,0.3951612903225806,False,False,False
PHA 793887 (BRD:BRD-K64800655-001-07-4),8,8,3,5,0.910048606010965,0.759641022156671,0.930957228744065,0.751553421164929,0.1504075838542941,0.179403807579136,0.14285714285714285,0.3951612903225806,False,False,False
PLX 4720 (BRD:BRD-K16478699-001-09-2),8,8,3,5,0.9002483869312877,0.8444729522620522,0.920110500338135,0.844576998483287,0.05577543466923551,0.07553350185484797,0.14285714285714285,0.3951612903225806,False,False,False
RALTITREXED (BRD:BRD-K89839824-001-05-3),8,8,3,5,0.659368010278934,0.5221541507552085,0.661146030816401,0.53745474719539,0.13721385952372545,0.123691283621011,0.14285714285714285,0.3951612903225806,False,False,False
SELINEXOR (BRD:BRD-K21361524-001-01-1),8,8,3,5,0.643584330733708,0.5378210446685099,0.604393099452461,0.523277949546691,0.10576328606519814,0.08111514990576996,0.14285714285714285,0.3951612903225806,False,False,False
TEROXIRONE (BRD:BRD-A39935389-001-05-9),8,8,3,5,0.829327069358119,0.6455254666514453,0.821925067393445,0.719336038028659,0.18380160270667367,0.10258902936478598,0.14285714285714285,0.3951612903225806,False,False,False
VU0238429 (BRD:BRD-K24187789-001-01-7),8,8,3,5,0.8278518090159244,0.7749991985034852,0.834147222886197,0.775155085321406,0.05285261051243917,0.05899213756479105,0.14285714285714285,0.3951612903225806,False,False,False
DOLUTEGRAVIR (BRD:BRD-K36386086-001-01-1),6,6,3,3,0.839443656560431,0.8795545961869796,0.828398018775616,0.896510501658927,-0.04011093962654866,-0.06811248288331095,0.2,0.519205298013245,False,False,False
OCTENIDINE (BRD:BRD-K04568635-300-01-4),6,6,3,3,0.8475601941769547,0.810959761388344,0.85049148446582,0.792919350711428,0.03660043278861069,0.05757213375439196,0.2,0.519205298013245,False,False,False
OXIPEROMIDE (BRD:BRD-K78096648-001-05-7),6,6,3,3,0.9461089827881057,0.825964701186754,0.974818076840661,0.839319812646402,0.12014428160135171,0.13549826419425903,0.2,0.519205298013245,False,False,False
AFURESERTIB (BRD:BRD-K25412176-001-01-9),7,7,3,4,0.7650441787873777,0.8369115959728672,0.749500459327703,0.8283055254969991,-0.0718674171854895,-0.07880506616929606,0.22857142857142856,0.519205298013245,False,False,False
ANGUIDINE (BRD:BRD-K45724504-001-01-6),7,7,3,4,0.6770916669923134,0.6108200580561669,0.716353686048572,0.5903855324024145,0.06627160893614648,0.12596815364615743,0.22857142857142856,0.519205298013245,False,False,False
ASYMMETRICAL-DIMETHYLARGININE (BRD:BRD-K36269323-300-02-6),7,7,3,4,0.8919243790669033,0.8244425033039955,0.86696866398072,0.8258911656844845,0.06748187576290776,0.041077498296235526,0.22857142857142856,0.519205298013245,False,False,False
BRILLIANT-GREEN (BRD:BRD-K60348325-065-09-9),7,7,3,4,0.6222173931155742,0.5380201482227975,0.566166001541809,0.5443141347663485,0.08419724489277669,0.02185186677546047,0.22857142857142856,0.519205298013245,False,False,False
CCG-50014 (BRD:BRD-K08893438-001-04-9),7,7,3,4,0.8577804200241911,0.8038056652018577,0.884561445440011,0.8166964186008006,0.05397475482233338,0.06786502683921047,0.22857142857142856,0.519205298013245,False,False,False
CHIR-124 (BRD:BRD-K02241333-001-02-7),7,7,3,4,0.8264671499169863,0.7232577461693761,0.803640459457538,0.7451370433431406,0.10320940374761023,0.058503416114397466,0.22857142857142856,0.519205298013245,False,False,False
DACINOSTAT (BRD:BRD-K56957086-001-06-3),7,7,3,4,0.629320847233098,0.5770206250421177,0.590659354206359,0.54972845613166,0.052300222190980294,0.04093089807469896,0.22857142857142856,0.519205298013245,False,False,False
EPOTHILONE-D (BRD:BRD-K52762805-001-01-2),7,7,3,4,0.32382865981036424,0.0971145627720056,0.432611894087301,0.08156790937308755,0.22671409703835865,0.35104398471421344,0.22857142857142856,0.519205298013245,False,False,False
FDCYD (BRD:BRD-K18157228-001-01-7),7,7,3,4,0.7732990573205649,0.7037063554216055,0.773141054540985,0.711815451714369,0.06959270189895939,0.06132560282661603,0.22857142857142856,0.519205298013245,False,False,False
GIVINOSTAT (BRD:BRD-K13810148-311-03-2),7,7,3,4,0.7650340926793296,0.6776399629883793,0.741723068259459,0.6464283361179519,0.0873941296909504,0.09529473214150708,0.22857142857142856,0.519205298013245,False,False,False
HYPOESTOXIDE (BRD:BRD-A51571244-001-01-9),7,7,3,4,0.6788991074288814,0.7484446380177715,0.671629724332468,0.7546637744441055,-0.06954553058889013,-0.08303405011163745,0.22857142857142856,0.519205298013245,False,False,False
LASALOCID (BRD:BRD-A72711497-236-03-8),7,7,3,4,0.8577279827968843,0.8079579513423187,0.858720707397387,0.8102199287804945,0.0497700314545656,0.048500778616892504,0.22857142857142856,0.519205298013245,False,False,False
LDN-57444 (BRD:BRD-K94485812-001-02-9),7,7,3,4,0.9394161721743567,0.9084150134995105,0.930076795566153,0.901520837321386,0.031001158674846208,0.028555958244766977,0.22857142857142856,0.519205298013245,False,False,False
OUABAIN (BRD:BRD-K33277808-331-01-3),7,7,3,4,0.553877765044061,0.503211006768071,0.546989198257969,0.503743080501833,0.0506667582759901,0.04324611775613596,0.22857142857142856,0.519205298013245,False,False,False
PARBENDAZOLE (BRD:BRD-K02407574-001-09-7),7,7,3,4,0.7275086361340777,0.6418648788704092,0.709267883217276,0.641521760780532,0.08564375726366846,0.06774612243674394,0.22857142857142856,0.519205298013245,False,False,False
PF-04691502 (BRD:BRD-K07310275-001-02-5),7,7,3,4,0.688803834183847,0.671468919311283,0.689073286951196,0.67201502764911,0.017334914872564,0.017058259302085932,0.22857142857142856,0.519205298013245,False,False,False
PIDNARULEX (BRD:BRD-K12787259-001-04-3),7,7,3,4,0.8312739639595482,0.76140786301403,0.818195359837096,0.733435621086163,0.06986610094551826,0.08475973875093301,0.22857142857142856,0.519205298013245,False,False,False
PUROMYCIN (BRD:BRD-A28970875-300-04-9),7,7,3,4,0.8394953483133439,0.7224616864784791,0.819886394641233,0.6846782741318005,0.11703366183486485,0.13520812050943254,0.22857142857142856,0.519205298013245,False,False,False
SNX 2112 (BRD:BRD-K71281111-001-04-3),7,7,3,4,0.5581990238961426,0.40952293520893773,0.505839707010125,0.42600093675239303,0.1486760886872049,0.079838770257732,0.22857142857142856,0.519205298013245,False,False,False
TEDIZOLID (BRD:BRD-K59436580-001-01-7),7,7,3,4,0.907841639055604,0.8403796112227258,0.89011142412797,0.82397417857204,0.06746202783287825,0.06613724555592992,0.22857142857142856,0.519205298013245,False,False,False
THIOSTREPTON (BRD:BRD-K58049875-001-04-7),7,7,3,4,0.8450434935618126,0.798375223520003,0.825175344018303,0.7876042786112465,0.04666827004180962,0.03757106540705646,0.22857142857142856,0.519205298013245,False,False,False
TMC-353121 (BRD:BRD-K66097663-001-01-8),7,7,3,4,0.8410768331680093,0.8791894890668878,0.840323804683925,0.8855460867534275,-0.03811265589887847,-0.04522228206950252,0.22857142857142856,0.519205298013245,False,False,False
U-0126 (BRD:BRD-K18787491-001-08-6),7,7,3,4,0.938410649223239,0.8657055078607672,0.962017825352424,0.8664813942581184,0.07270514136247186,0.09553643109430554,0.22857142857142856,0.519205298013245,False,False,False
WZ-3146 (BRD:BRD-K73293050-001-03-1),7,7,3,4,0.8371257172743652,0.8045640973638856,0.842425277107557,0.792198853366628,0.03256161991047968,0.050226423740929005,0.22857142857142856,0.519205298013245,False,False,False
BAY-11-7085 (BRD:BRD-K48684885-001-04-2),8,8,3,5,0.8825615831415264,0.8358755621672577,0.862480971416291,0.850434274704159,0.04668602097426877,0.012046696712131988,0.25,0.5196969696969697,False,False,False
BRUCEANTIN (BRD:BRD-A36057565-001-01-0),8,8,3,5,0.681071259684647,0.573786871404615,0.724405537789344,0.600392117912936,0.10728438828003195,0.12401341987640802,0.25,0.5196969696969697,False,False,False
CUDC-907 (BRD:BRD-K77638923-001-02-0),8,8,3,5,0.4804204848847056,0.42848999957854,0.487184123520068,0.426816201567535,0.05193048530616562,0.06036792195253299,0.25,0.5196969696969697,False,False,False
CURCUMIN (BRD:BRD-K07572174-001-39-4),8,8,3,5,0.8189513923910127,0.8459234792080178,0.809032032991699,0.846105142233449,-0.026972086817005136,-0.03707310924175,0.25,0.5196969696969697,False,False,False
DACOMITINIB (BRD:BRD-K57169635-001-04-5),8,8,3,5,0.692927155048098,0.852389483469428,0.6898761733636252,0.8240575019647307,-0.15946232842133,-0.13418132860110554,0.25,0.5196969696969697,False,False,False
DISULFIRAM (BRD:BRD-K32744045-001-31-2),8,8,3,5,0.7621587448818691,0.6999911070539122,0.733396188744195,0.709893928053714,0.06216763782795687,0.023502260690481003,0.25,0.5196969696969697,False,False,False
ENTINOSTAT (BRD:BRD-K77908580-001-09-6),8,8,3,5,0.85984641465008,0.780295853893444,0.895028537845442,0.828733838910254,0.07955056075663602,0.06629469893518802,0.25,0.5196969696969697,False,False,False
GSK-2141795 (BRD:BRD-K38332599-001-01-3),8,8,3,5,0.7450341262668317,0.8671248310012658,0.7507742339659154,0.8500508822995365,-0.12209070473443406,-0.09927664833362115,0.25,0.5196969696969697,False,False,False
KPT-276 (BRD:BRD-K75352575-001-01-3),8,8,3,5,0.8126289492012063,0.7044599916264734,0.766158508791067,0.6911542840876,0.10816895757473288,0.0750042247034669,0.25,0.5196969696969697,False,False,False
NANCHANGMYCIN (BRD:BRD-A73871920-236-03-6),8,8,3,5,0.7459240995364866,0.6275858306867679,0.758088468863922,0.619562398217819,0.11833826884971876,0.138526070646103,0.25,0.5196969696969697,False,False,False
PIK-75 (BRD:BRD-K49371609-003-03-8),8,8,3,5,0.601567063675588,0.6037827987584868,0.588011815939687,0.566039730752255,-0.002215735082898851,0.02197208518743199,0.25,0.5196969696969697,False,False,False
PP-121 (BRD:BRD-K81801188-001-02-8),8,8,3,5,0.630704509391677,0.5562797873110943,0.637887409405379,0.57379484376604,0.0744247220805827,0.06409256563933907,0.25,0.5196969696969697,False,False,False
SB-2343 (BRD:BRD-K98795921-001-01-7),8,8,3,5,0.683976524787647,0.7190771073582664,0.70133456232178,0.74382061532736,-0.03510058257061932,-0.04248605300557995,0.25,0.5196969696969697,False,False,False
SIMVASTATIN (BRD:BRD-K22134346-001-24-9),8,8,3,5,0.963621633996565,0.9245155346537711,0.966067092132571,0.915698336985501,0.039106099342793854,0.050368755147070066,0.25,0.5196969696969697,False,False,False
ARRY-334543 (BRD:BRD-K46386702-001-02-1),8,8,3,5,0.8277324167361094,0.9094893982130117,0.7873768277131858,0.91098027333841,-0.08175698147690225,-0.12360344562522418,0.39285714285714285,0.638139534883721,False,False,False
BETA-LAPACHONE (BRD:BRD-K28061410-001-06-6),8,8,3,5,0.7559229435179883,0.7919307180350974,0.765592682212598,0.810886620841551,-0.036007774517109126,-0.045293938628953034,0.39285714285714285,0.638139534883721,False,False,False
BIIB-057 (BRD:BRD-K53734668-003-02-0),8,8,3,5,0.9284895191645153,0.9044129529247995,0.949811637509866,0.916763162730459,0.02407656623971577,0.03304847477940698,0.39285714285714285,0.638139534883721,False,False,False
"CP-945,598 (BRD:BRD-K09090949-001-01-9)",8,8,3,5,0.893428568188955,0.881301065035181,0.883439948587337,0.872519985975345,0.012127503153773977,0.010919962611992018,0.39285714285714285,0.638139534883721,False,False,False
CR8-(R) (BRD:BRD-K40331046-305-01-5),8,8,3,5,0.6873024575582244,0.6369295825616095,0.692160932988103,0.586793285837666,0.050372874996614914,0.105367647150437,0.39285714285714285,0.638139534883721,False,False,False
DIANHYDROGALACTITOL (BRD:BRD-K68502831-001-01-2),8,8,3,5,0.8321072424867669,0.791191505945361,0.828450643031419,0.809236739720329,0.0409157365414059,0.019213903311090075,0.39285714285714285,0.638139534883721,False,False,False
DIFLUPREDNATE (BRD:BRD-K33720171-001-01-0),8,8,3,5,0.8136647609480749,0.7610412352480633,0.846285729184354,0.793886851465108,0.05262352570001161,0.052398877719246006,0.39285714285714285,0.638139534883721,False,False,False
DIGITOXIGENIN (BRD:BRD-K18518344-001-15-9),8,8,3,5,0.7146880091396026,0.6787211724939997,0.711250227258069,0.665473196485823,0.03596683664560296,0.04577703077224593,0.39285714285714285,0.638139534883721,False,False,False
GAMBOGIC-ACID (BRD:BRD-K08542803-001-02-3),8,8,3,5,0.7478219350278801,0.6673099512481889,0.7405169736746131,0.6657295270627336,0.08051198377969115,0.07478744661187953,0.39285714285714285,0.638139534883721,False,False,False
JIB04 (BRD:BRD-K76180386-001-01-6),8,8,3,5,0.6904263452181016,0.7733231273627836,0.649729939274715,0.78949093586893,-0.08289678214468199,-0.13976099659421504,0.39285714285714285,0.638139534883721,False,False,False
LB42708 (BRD:BRD-K18834913-001-01-1),8,8,3,5,0.8394152635457829,0.7277140703206653,0.807129637585621,0.687350113215617,0.11170119322511762,0.11977952437000394,0.39285714285714285,0.638139534883721,False,False,False
LE-135 (BRD:BRD-K06593056-001-04-8),8,8,3,5,0.9205209731601957,0.8778367111672042,0.938399459515798,0.857736073740913,0.04268426199299147,0.08066338577488497,0.39285714285714285,0.638139534883721,False,False,False
LENALIDOMIDE (BRD:BRD-A17883755-001-06-1),8,8,3,5,0.9173751379061094,0.8869397883104323,0.941078287571511,0.892271993871816,0.030435349595677064,0.048806293699695025,0.39285714285714285,0.638139534883721,False,False,False
PCI-24781 (BRD:BRD-K12867552-001-04-7),8,8,3,5,0.7624126515093946,0.7270103931394791,0.731778058634891,0.708838809624503,0.03540225836991551,0.02293924901038802,0.39285714285714285,0.638139534883721,False,False,False
PF-05212384 (BRD:BRD-K07955840-001-02-3),8,8,3,5,0.5511653977797434,0.622037650759588,0.563653205928737,0.579785258821366,-0.07087225297984456,-0.01613205289262898,0.39285714285714285,0.638139534883721,False,False,False
PHENYLMERCURIC-ACETATE (BRD:BRD-K74193284-001-04-8),8,8,3,5,0.7953272663474394,0.7580770431908487,0.825033165005303,0.75679629234534,0.03725022315659077,0.06823687265996303,0.39285714285714285,0.638139534883721,False,False,False
PI 103 (BRD:BRD-K67868012-001-07-6),8,8,3,5,0.9320267981685989,0.8873510034296743,0.927250097236147,0.891167798681755,0.04467579473892458,0.036082298554392045,0.39285714285714285,0.638139534883721,False,False,False
PLINABULIN (BRD:BRD-K99498722-001-02-6),8,8,3,5,0.537687556479338,0.5019466583294341,0.530035527130966,0.484608191906359,0.03574089814990389,0.04542733522460701,0.39285714285714285,0.638139534883721,False,False,False
RAPAMYCIN (BRD:BRD-K84937637-001-09-9),8,8,3,5,0.4679611634483223,0.5609489855496502,0.533544661589041,0.607361260990438,-0.09298782210132794,-0.07381659940139695,0.39285714285714285,0.638139534883721,False,False,False
RYUVIDINE (BRD:BRD-K06426971-001-02-7),8,8,3,5,0.901688986389899,0.8432871461966753,0.856080592766053,0.82899399448347,0.0584018401932237,0.027086598282582974,0.39285714285714285,0.638139534883721,False,False,False
SB-939 (BRD:BRD-K86797399-001-05-1),8,8,3,5,0.685375068813991,0.5612281614165465,0.650154727537464,0.520455584082882,0.1241469073974445,0.129699143454582,0.39285714285714285,0.638139534883721,False,False,False
SGI-1027 (BRD:BRD-K61228301-001-01-2),8,8,3,5,0.8472512091750151,0.8125917027678407,0.836396388134065,0.814634209933041,0.03465950640717441,0.021762178201023996,0.39285714285714285,0.638139534883721,False,False,False
TORIN-1 (BRD:BRD-K40175214-001-11-6),8,8,3,5,0.5760835375406704,0.6259778257929789,0.575784801737212,0.629873193387972,-0.04989428825230846,-0.05408839165075996,0.39285714285714285,0.638139534883721,False,False,False
BIX-01294 (BRD:BRD-K26818574-305-04-3),7,7,3,4,0.8993901560048356,0.8813320654521107,0.902975817367606,0.8790024883396005,0.018058090552724892,0.02397332902800553,0.4,0.638139534883721,False,False,False
BROXALDINE (BRD:BRD-K36222532-001-01-8),7,7,3,4,0.8651859935020606,0.8094449695478261,0.920317303560139,0.8261128355546085,0.055741023954234525,0.0942044680055305,0.4,0.638139534883721,False,False,False
CEP-37440 (BRD:BRD-K72827473-001-01-0),7,7,3,4,0.9222207913071706,0.9401422643385441,0.924188569716633,0.933461381069183,-0.01792147303137348,-0.009272811352549981,0.4,0.638139534883721,False,False,False
CYPROTERONE-ACETATE (BRD:BRD-K41141507-001-16-2),6,6,3,3,0.8884486459540809,0.9492297373342707,0.882430375979808,0.970028097779598,-0.06078109138018983,-0.08759772179978997,0.4,0.638139534883721,False,False,False
DIPHENYLENEIODONIUM (BRD:BRD-K65814004-003-02-9),7,7,3,4,0.574809185174898,0.5138490031305812,0.549336799479306,0.479548061984731,0.060960182044316746,0.06978873749457504,0.4,0.638139534883721,False,False,False
EVACETRAPIB (BRD:BRD-K16551357-001-03-2),7,7,3,4,0.9500698368103843,0.8457000018343664,0.954972852680968,0.8526254828602515,0.10436983497601782,0.10234736982071646,0.4,0.638139534883721,False,False,False
FENBENDAZOLE (BRD:BRD-K51318897-001-15-3),6,6,3,3,0.7183741024516174,0.566308547402947,0.769049567797911,0.472654935882937,0.15206555504867036,0.296394631914974,0.4,0.638139534883721,False,False,False
HARRINGTONINE (BRD:BRD-K96358241-001-01-9),7,7,3,4,0.8379507893072197,0.7531298041575425,0.874984203138434,0.7680015450449805,0.08482098514967717,0.10698265809345342,0.4,0.638139534883721,False,False,False
INDIBULIN (BRD:BRD-K74057757-001-01-9),7,7,3,4,0.7451242652977744,0.66966534306075,0.79488355135523,0.6559987770754335,0.07545892223702444,0.1388847742797965,0.4,0.638139534883721,False,False,False
KP-1212 (BRD:BRD-K46690591-001-01-2),7,7,3,4,0.8547361434376223,0.7355870014028408,0.879909232351053,0.7465380820104195,0.11914914203478144,0.13337115034063352,0.4,0.638139534883721,False,False,False
LLL CPD (BRD:BRD-K60230970-001-17-5),7,7,3,4,0.5388792232564897,0.50673539296279,0.535269861107023,0.508714416486028,0.032143830293699716,0.026555444620995017,0.4,0.638139534883721,False,False,False
MEK1-2-INHIBITOR (BRD:BRD-K12244279-001-05-8),7,7,3,4,0.8930790493717572,0.8627334753067235,0.913022421936174,0.848271168666732,0.030345574065033687,0.06475125326944198,0.4,0.638139534883721,False,False,False
MGCD-265 (BRD:BRD-K56277358-001-07-5),7,7,3,4,0.8559645311312777,0.9076174835005864,0.856186974046128,0.9186214581438414,-0.05165295236930867,-0.06243448409771346,0.4,0.638139534883721,False,False,False
MITOXANTRONE (BRD:BRD-K21680192-300-14-4),6,6,3,3,0.5442539208841993,0.4227036470839686,0.592378278828437,0.435512570511376,0.1215502738002307,0.15686570831706098,0.4,0.638139534883721,False,False,False
MUBRITINIB (BRD:BRD-K19061412-001-02-4),7,7,3,4,0.6922523454981396,0.565565053343003,0.579470419229019,0.536516773602301,0.12668729215513663,0.042953645626717996,0.4,0.638139534883721,False,False,False
NMS-873 (BRD:BRD-K26253904-001-01-5),7,7,3,4,0.6922051781268443,0.6362233194410337,0.694134993268389,0.631705587094675,0.055981858685810626,0.062429406173714064,0.4,0.638139534883721,False,False,False
NVP-TAE226 (BRD:BRD-K21025364-001-05-6),7,7,3,4,0.8212621440046156,0.77687556474627,0.842753322642491,0.7729562296478445,0.04438657925834566,0.06979709299464654,0.4,0.638139534883721,False,False,False
ONX-0914 (BRD:BRD-K60446698-001-01-2),7,7,3,4,0.5229600345607813,0.6759564185979635,0.61630319531384,0.6408352552162291,-0.1529963840371822,-0.024532059902389047,0.4,0.638139534883721,False,False,False
POLYDATIN (BRD:BRD-K43236057-001-07-1),7,7,3,4,0.8192695231696486,0.8532671285131582,0.830307842440603,0.8464865753801155,-0.033997605343509596,-0.016178732939512552,0.4,0.638139534883721,False,False,False
PP242 (BRD:BRD-K87112191-001-04-5),7,7,3,4,0.773886428958975,0.8091255148809813,0.776706008313852,0.826983198354053,-0.03523908592200631,-0.050277190040201036,0.4,0.638139534883721,False,False,False
R547 (BRD:BRD-K52233191-001-02-4),7,7,3,4,0.7580281657268904,0.709595459445864,0.787791000761309,0.7177144111640366,0.04843270628102636,0.07007658959727248,0.4,0.638139534883721,False,False,False
RO-9187 (BRD:BRD-K57284066-001-01-6),7,7,3,4,0.8687426549406777,0.89931903611296,0.850178241590057,0.8988057458266661,-0.03057638117228234,-0.04862750423660911,0.4,0.638139534883721,False,False,False
SKF-96365 (BRD:BRD-A72703248-003-04-9),7,7,3,4,0.8086164668389113,0.788440558622777,0.816881760247639,0.7933849131180855,0.020175908216134353,0.023496847129553577,0.4,0.638139534883721,False,False,False
TENOVIN-6 (BRD:BRD-K13949769-001-01-7),7,7,3,4,0.88656165794286,0.839588521226558,0.879167715104804,0.8658245586018765,0.04697313671630199,0.0133431565029275,0.4,0.638139534883721,False,False,False
THEOPHYLLINE (BRD:BRD-K97799481-001-16-0),7,7,3,4,0.9103142298134084,0.8881485732078378,0.891701888935013,0.884231918154568,0.02216565660557057,0.007469970780444979,0.4,0.638139534883721,False,False,False
TRICHOSTATIN-A (BRD:BRD-K68202742-001-16-5),7,7,3,4,0.5995024707110407,0.5856813030692964,0.600229491344508,0.564754326268657,0.013821167641744236,0.03547516507585102,0.4,0.638139534883721,False,False,False
VANDETANIB (BRD:BRD-K77625799-001-07-7),7,7,3,4,0.8513954960324779,0.9601248887223408,0.8409972722312077,0.9484389158304679,-0.10872939268986292,-0.10744164359926023,0.4,0.638139534883721,False,False,False
ALVOCIDIB (BRD:BRD-K87909389-003-03-4),8,8,3,5,0.7806012625714672,0.7148895661452908,0.7667020534980077,0.7190515851421373,0.06571169642617647,0.04765046835587039,0.5714285714285714,0.8340425531914892,False,False,False
AT-7519 (BRD:BRD-K13390322-001-06-3),8,8,3,5,0.8349891290574029,0.7517889327524624,0.8309057382148302,0.7224846671147174,0.08320019630494047,0.10842107110011279,0.5714285714285714,0.8340425531914892,False,False,False
AZALOMYCIN-B (BRD:BRD-K96104201-001-01-5),8,8,3,5,0.7866008649500277,0.7576608513015799,0.79340271527455,0.761849048969231,0.028940013648447782,0.03155366630531897,0.5714285714285714,0.8340425531914892,False,False,False
CHLORMIDAZOLE (BRD:BRD-K60443845-001-08-6),8,8,3,5,0.876647638047154,0.8530262907838638,0.867726870941421,0.858544863097708,0.023621347263290127,0.009182007843712925,0.5714285714285714,0.8340425531914892,False,False,False
DIGOXIGENIN (BRD:BRD-K18619710-001-14-4),8,8,3,5,0.8618845586204316,0.8852548585571013,0.865823664460373,0.872616954257704,-0.023370299936669725,-0.00679328979733107,0.5714285714285714,0.8340425531914892,False,False,False
EVP4593 (BRD:BRD-K68395654-001-03-1),8,8,3,5,0.658424201614041,0.5884369181672888,0.577305746313776,0.542575270131905,0.0699872834467522,0.03473047618187097,0.5714285714285714,0.8340425531914892,False,False,False
FRENTIZOLE (BRD:BRD-K07202345-001-19-4),8,8,3,5,0.8044110482694823,0.818649916946945,0.778722914800879,0.820385720146078,-0.014238868677462713,-0.04166280534519906,0.5714285714285714,0.8340425531914892,False,False,False
HMN-214 (BRD:BRD-K70511574-001-06-9),8,8,3,5,0.7911820030704977,0.7096252394037854,0.84093775019349,0.698924125379414,0.08155676366671227,0.1420136248140761,0.5714285714285714,0.8340425531914892,False,False,False
IXAZOMIB (BRD:BRD-K78659596-001-03-9),8,8,3,5,0.5846263875554104,0.5182906344529501,0.630006545302053,0.487504261563083,0.06633575310246032,0.14250228373897,0.5714285714285714,0.8340425531914892,False,False,False
KU-0063794 (BRD:BRD-K67566344-001-07-5),8,8,3,5,0.8043460432351554,0.7965713497023243,0.800008758567133,0.796706821843059,0.007774693532831001,0.003301936724074084,0.5714285714285714,0.8340425531914892,False,False,False
M-344 (BRD:BRD-K45528773-001-07-2),8,8,3,5,0.74606408622153,0.7041639853744147,0.749565364466503,0.731859003246215,0.04190010084711526,0.017706361220288014,0.5714285714285714,0.8340425531914892,False,False,False
MEXILETINE (BRD:BRD-A64092382-003-18-3),8,8,3,5,0.7824111866385449,0.7468480832052596,0.765844814219121,0.737302537712594,0.03556310343328528,0.028542276506526965,0.5714285714285714,0.8340425531914892,False,False,False
MLN0128 (BRD:BRD-K59317601-001-05-5),8,8,3,5,0.6226671309711436,0.7174787712969535,0.6447808224653887,0.6985552188740546,-0.09481164032580991,-0.05377439640866588,0.5714285714285714,0.8340425531914892,False,False,False
NAPABUCASIN (BRD:BRD-K22064724-001-01-8),8,8,3,5,0.6889091207924256,0.7585742509572474,0.7345078406704301,0.7440303945861937,-0.06966513016482179,-0.00952255391576362,0.5714285714285714,0.8340425531914892,False,False,False
NOCODAZOLE (BRD:BRD-K12539581-001-23-7),8,8,3,5,0.6864522035780957,0.6429374613678159,0.717599711031114,0.618284879577332,0.04351474221027973,0.09931483145378195,0.5714285714285714,0.8340425531914892,False,False,False
NVP-AEW541 (BRD:BRD-K24696047-001-02-3),8,8,3,5,0.8800241032512685,0.9110995075849904,0.853016181961049,0.919300482549117,-0.031075404333721912,-0.066284300588068,0.5714285714285714,0.8340425531914892,False,False,False
TG-100572 (BRD:BRD-K18424115-003-01-3),8,8,3,5,0.8104850604414784,0.8373210829929987,0.828725724191512,0.844429319593062,-0.02683602255152029,-0.015703595401549975,0.5714285714285714,0.8340425531914892,False,False,False
TOREMIFENE (BRD:BRD-K51350053-048-16-5),8,8,3,5,0.9004757787401436,0.895147855859139,0.922118470791066,0.905869408763809,0.0053279228810045876,0.016249062027257066,0.5714285714285714,0.8340425531914892,False,False,False
WP1066 (BRD:BRD-K05445342-001-05-3),8,8,3,5,0.7697398821207143,0.7833877857726764,0.759799440528039,0.774012108875336,-0.013647903651962112,-0.014212668347296953,0.5714285714285714,0.8340425531914892,False,False,False
XL-647 (BRD:BRD-K03765900-001-01-9),8,8,3,5,0.7384573982622898,0.887928442941438,0.7428701846777226,0.8824142365993136,-0.14947104467914818,-0.13954405192159103,0.5714285714285714,0.8340425531914892,False,False,False
1-NAPHTHYL-PP1 (BRD:BRD-K29542628-001-03-9),7,7,3,4,0.8695553812082766,0.8469599516509743,0.879187832861027,0.8483204630610326,0.022595429557302316,0.030867369799994382,0.6285714285714286,0.8589641434262948,False,False,False
AEE788 (BRD:BRD-K40718343-001-02-6),7,7,3,4,0.84328476783972,0.9071458989221017,0.80112564475003,0.919227736781776,-0.06386113108238178,-0.11810209203174604,0.6285714285714286,0.8589641434262948,False,False,False
AZD-8055 (BRD:BRD-K69932463-001-10-6),7,7,3,4,0.6253575502317616,0.6537724573156454,0.629589403684138,0.6601167572348614,-0.028414907083883723,-0.030527353550723446,0.6285714285714286,0.8589641434262948,False,False,False
CID-5458317 (BRD:BRD-A08840375-001-01-3),7,7,3,4,0.8577964856972974,0.8412158070537696,0.861558396606527,0.8401810640981315,0.016580678643527746,0.021377332508395464,0.6285714285714286,0.8589641434262948,False,False,False
DPI-201106 (BRD:BRD-A64553394-001-04-4),7,7,3,4,0.8093763508055263,0.8149640712667945,0.779392118841364,0.811285554898312,-0.0055877204612682085,-0.031893436056948055,0.6285714285714286,0.8589641434262948,False,False,False
ECHINOMYCIN (BRD:BRD-A68969091-001-12-7),7,7,3,4,0.23836826484877163,0.18030458647990075,0.283495979671008,0.142304469767109,0.058063678368870886,0.14119150990389898,0.6285714285714286,0.8589641434262948,False,False,False
GOSSYPOL (BRD:BRD-K19295594-015-14-3),7,7,3,4,0.845492430700308,0.83303635511859,0.792574132280231,0.8308952749979595,0.012456075581718018,-0.03832114271772846,0.6285714285714286,0.8589641434262948,False,False,False
KIN001-167 (BRD:BRD-K63068307-001-08-9),7,7,3,4,0.862917906884674,0.8384593799906603,0.871458200423166,0.8620835827586185,0.02445852689401362,0.009374617664547502,0.6285714285714286,0.8589641434262948,False,False,False
MENADIONE (BRD:BRD-K78126613-001-28-5),7,7,3,4,0.9093257973716337,0.9018343090554812,0.913867857685544,0.9050812797793035,0.007491488316152428,0.00878657790624049,0.6285714285714286,0.8589641434262948,False,False,False
MLN-8054 (BRD:BRD-K83963101-001-06-9),7,7,3,4,0.7270226907405067,0.6341847235061036,0.778910377634051,0.631198113660319,0.09283796723440318,0.14771226397373205,0.6285714285714286,0.8589641434262948,False,False,False
PANOBINOSTAT (BRD:BRD-K02130563-001-11-4),7,7,3,4,0.6310641216845794,0.7444625279395534,0.697350080147521,0.7495237836695396,-0.113398406254974,-0.052173703522018666,0.6285714285714286,0.8589641434262948,False,False,False
SB-216641 (BRD:BRD-K30867024-003-03-3),7,7,3,4,0.9068637119939601,0.91363448231255,0.946433405579833,0.919270263417153,-0.006770770318589858,0.02716314216268001,0.6285714285714286,0.8589641434262948,False,False,False
SDZ-WAG-994 (BRD:BRD-K39558284-001-01-2),7,7,3,4,0.9525643574248677,0.9449151006277721,0.961512302866341,0.9458583526072606,0.007649256797095605,0.01565395025908045,0.6285714285714286,0.8589641434262948,False,False,False
STF-118804 (BRD:BRD-K39171998-001-01-1),7,7,3,4,0.712823294223265,0.679954428462012,0.692244181227428,0.6785307887725945,0.03286886576125292,0.013713392454833495,0.6285714285714286,0.8589641434262948,False,False,False
TAK-632 (BRD:BRD-K31866293-001-01-6),7,7,3,4,0.8491914637937213,0.8185166623647977,0.857167777028559,0.804120941175769,0.030674801428923648,0.05304683585278991,0.6285714285714286,0.8589641434262948,False,False,False
TETRAMETHYLTHIURAM-MONOSULFIDE (BRD:BRD-K36889451-001-01-1),7,7,3,4,0.7806002318059716,0.7861390992412671,0.839541013955078,0.7849943819907259,-0.005538867435295525,0.054546631964352055,0.6285714285714286,0.8589641434262948,False,False,False
BARDOXOLONE (BRD:BRD-K20545304-001-01-6),6,6,3,3,0.8072749789067256,0.7837820628821603,0.842145936093975,0.794273003111462,0.02349291602456527,0.04787293298251305,0.7,0.9164122137404579,False,False,False
BENZETHONIUM (BRD:BRD-K72723676-003-17-8),6,6,3,3,0.5530570196159124,0.7896174397391804,0.441936818262524,0.742840067349181,-0.23656042012326806,-0.30090324908665694,0.7,0.9164122137404579,False,False,False
CGS-15943 (BRD:BRD-K49049886-001-08-7),6,6,3,3,0.7316529334537604,0.76742735483009,0.72483431370744,0.828181430635884,-0.03577442137632958,-0.103347116928444,0.7,0.9164122137404579,False,False,False
GTP-14564 (BRD:BRD-K16664969-001-03-3),6,6,3,3,0.9008407541708623,0.8689925623460524,0.899298857520494,0.897001335233318,0.03184819182480991,0.002297522287175946,0.7,0.9164122137404579,False,False,False
NALOXONE (BRD:BRD-K67511046-001-02-3),6,6,3,3,0.8575981593647833,0.795730985529254,0.931601496545141,0.772989153236518,0.06186717383552931,0.15861234330862306,0.7,0.9164122137404579,False,False,False
NITARSONE (BRD:BRD-K56707426-001-02-0),6,6,3,3,0.8542497685201863,0.8402174463392731,0.84459446633204,0.809925188204913,0.014032322180913215,0.03466927812712706,0.7,0.9164122137404579,False,False,False
NORETYNODREL (BRD:BRD-A00758722-001-04-9),6,6,3,3,0.8840839308234362,0.9323129056444207,0.884316481207194,0.953326688368468,-0.04822897482098454,-0.06901020716127404,0.7,0.9164122137404579,False,False,False
TAK-285 (BRD:BRD-K80343549-001-02-6),6,6,3,3,0.8861566489419189,0.8729615647921384,0.898205969070218,0.891176965159757,0.013195084149780545,0.007029003910461018,0.7,0.9164122137404579,False,False,False
TEMSIROLIMUS (BRD:BRD-K42898655-001-01-8),6,6,3,3,0.7651822763066104,0.7989796117580447,0.7792637290427685,0.8671091504568661,-0.03379733545143426,-0.08784542141409757,0.7,0.9164122137404579,False,False,False
THIRAM (BRD:BRD-K29254801-001-14-7),6,6,3,3,0.588295382026763,0.5813282022490084,0.571370073286473,0.531043506360365,0.0069671797777546285,0.04032656692610803,0.7,0.9164122137404579,False,False,False
TREMORINE (BRD:BRD-K08619838-300-05-7),6,6,3,3,0.8456790265387264,0.8686801946163163,0.84631315739747,0.847893505309186,-0.023001168077589895,-0.001580347911715907,0.7,0.9164122137404579,False,False,False
BISINDOLYLMALEIMIDE-IX (BRD:BRD-K06543683-066-02-1),8,8,3,5,0.820258825672187,0.821010830380694,0.833798069528642,0.813664113028267,-0.0007520047085070036,0.020133956500374972,0.7857142857142857,0.9556737588652482,False,False,False
BIX-02188 (BRD:BRD-K20290250-001-02-1),8,8,3,5,0.9050822780089643,0.878151571030295,0.939902312845693,0.885695741431318,0.026930706978669394,0.054206571414375015,0.7857142857142857,0.9556737588652482,False,False,False
CD-437 (BRD:BRD-K28907958-001-04-3),8,8,3,5,0.7824438682386914,0.7728751012337812,0.77679729251025,0.766498673904185,0.009568767004910161,0.010298618606064958,0.7857142857142857,0.9556737588652482,False,False,False
CINACALCET (BRD:BRD-K73838513-003-05-5),8,8,3,5,0.9362779342628914,0.9011853575647301,0.9152207550279172,0.9598225510504212,0.03509257669816135,-0.044601796022504026,0.7857142857142857,0.9556737588652482,False,False,False
CRYSTAL-VIOLET (BRD:BRD-K60025295-003-06-6),8,8,3,5,0.6162474445493614,0.43554316816143757,0.442667318718658,0.504994807680241,0.18070427638792386,-0.062327488961582966,0.7857142857142857,0.9556737588652482,False,False,False
DELANZOMIB (BRD:BRD-K59325863-001-02-8),8,8,3,5,0.46500808766330565,0.48567516772663477,0.454709137492305,0.460368911210944,-0.020667080063329124,-0.005659773718638961,0.7857142857142857,0.9556737588652482,False,False,False
DEOXYCORTICOSTERONE-ACETATE (BRD:BRD-K24556098-001-16-7),8,8,3,5,0.7361525926102269,0.7269742481104944,0.7476907805755,0.736770829203966,0.009178344499732538,0.010919951371534009,0.7857142857142857,0.9556737588652482,False,False,False
DICHLORVOS (BRD:BRD-K23779958-001-05-8),8,8,3,5,0.7354652911026527,0.7458276553396004,0.778723466213034,0.796106600882539,-0.010362364236947696,-0.01738313466950503,0.7857142857142857,0.9556737588652482,False,False,False
GSK 650394 (BRD:BRD-K14991967-001-02-6),8,8,3,5,0.905297497167899,0.8956712654411383,0.897379031530115,0.885159883177642,0.009626231726760692,0.012219148352472953,0.7857142857142857,0.9556737588652482,False,False,False
GSK-J4 (BRD:BRD-K98203492-003-04-1),8,8,3,5,0.8494589163123886,0.8194229306851811,0.839739315474844,0.82496868392214,0.03003598562720744,0.014770631552704083,0.7857142857142857,0.9556737588652482,False,False,False
LY2090314 (BRD:BRD-K78055238-001-01-8),8,8,3,5,0.7962672274992001,0.7255374488561704,0.885886081471711,0.726821155553243,0.07072977864302965,0.159064925918468,0.7857142857142857,0.9556737588652482,False,False,False
NICLOSAMIDE (BRD:BRD-K35960502-001-20-0),8,8,3,5,0.8695921880298183,0.8726841100726418,0.859563634336289,0.865363892275497,-0.0030919220428234917,-0.00580025793920802,0.7857142857142857,0.9556737588652482,False,False,False
PI3K-IN-2 (BRD:BRD-K62374002-001-01-5),8,8,3,5,0.6740494378807744,0.7249676135220503,0.713247352943389,0.680390515328736,-0.050918175641275876,0.03285683761465308,0.7857142857142857,0.9556737588652482,False,False,False
PYRITHIONE-ZINC (BRD:BRD-K16136380-001-01-7),8,8,3,5,0.6436685495287037,0.6158329267521758,0.63676921042251,0.605031764815242,0.027835622776527846,0.03173744560726799,0.7857142857142857,0.9556737588652482,False,False,False
RN-1734 (BRD:BRD-K95581532-001-01-5),8,8,3,5,0.797374965367363,0.8315920530180205,0.804256036050657,0.796652067799248,-0.03421708765065756,0.007603968251408966,0.7857142857142857,0.9556737588652482,False,False,False
SU3327 (BRD:BRD-K32730239-001-01-0),8,8,3,5,0.8686505691577143,0.8537504904672513,0.854967131058471,0.879899362607472,0.014900078690463059,-0.024932231549001038,0.7857142857142857,0.9556737588652482,False,False,False
THIOMERSAL (BRD:BRD-K61443650-236-13-1),8,8,3,5,0.8913911470469994,0.9046751529725269,0.93771987517286,0.909829370959147,-0.013284005925527476,0.027890504213713085,0.7857142857142857,0.9556737588652482,False,False,False
TIPIRACIL (BRD:BRD-K11973162-003-01-8),8,8,3,5,0.821595975836659,0.8325954655998695,0.823851893871974,0.826909002177011,-0.010999489763210524,-0.0030571083050370262,0.7857142857142857,0.9556737588652482,False,False,False
VISMODEGIB (BRD:BRD-K44827188-001-06-0),8,8,3,5,0.9496083787802169,0.9387289062110888,0.959307704831808,0.9339016724912486,0.010879472569128024,0.025406032340559492,0.7857142857142857,0.9556737588652482,False,False,False
WYE-354 (BRD:BRD-K77008974-001-03-2),8,8,3,5,0.8681173350702561,0.8652755302629517,0.877892057676619,0.889795049291205,0.002841804807304449,-0.011902991614585967,0.7857142857142857,0.9556737588652482,False,False,False
AZD3463 (BRD:BRD-K24593301-001-02-3),7,7,3,4,0.8054936984107117,0.7793702757753035,0.804068955490013,0.785976459875227,0.026123422635408233,0.018092495614785986,0.8571428571428571,0.9639344262295081,False,False,False
BAY 869766 (BRD:BRD-K85751432-001-03-3),7,7,3,4,0.7919025941953404,0.813516810130728,0.802898447602332,0.7892359443669275,-0.021614215935387593,0.013662503235404522,0.8571428571428571,0.9639344262295081,False,False,False
BAY-11-7082 (BRD:BRD-K15025317-001-15-1),7,7,3,4,0.9126871489801257,0.9001832922168678,0.913334353488808,0.9145982364720785,0.012503856763257937,-0.0012638829832705145,0.8571428571428571,0.9639344262295081,False,False,False
BEZ235 (BRD:BRD-K12184916-001-19-6),7,7,3,4,0.5873200984129939,0.599473724097174,0.5091193522775799,0.6220477237032442,-0.012153625684180103,-0.11292837142566436,0.8571428571428571,0.9639344262295081,False,False,False
BGT226 (BRD:BRD-K29415052-050-04-8),7,7,3,4,0.35828323943253265,0.37510841155950747,0.3591258349891,0.365411257579625,-0.01682517212697482,-0.006285422590525003,0.8571428571428571,0.9639344262295081,False,False,False
BKM120 (BRD:BRD-K42191735-001-05-3),7,7,3,4,0.8053551487279217,0.7832424003622355,0.810019019257232,0.7944785598151289,0.02211274836568622,0.015540459442103027,0.8571428571428571,0.9639344262295081,False,False,False
CAPIVASERTIB (BRD:BRD-K99023089-001-03-7),7,7,3,4,0.8443101068141584,0.8444303423402679,0.836123776519484,0.8607450447737675,-0.00012023552610951338,-0.024621268254283457,0.8571428571428571,0.9639344262295081,False,False,False
DIGOXIN (BRD:BRD-A94756469-001-04-7),7,7,3,4,0.6254306686220766,0.60354538864441,0.628423530564466,0.599063538498091,0.02188527997766665,0.029359992066374963,0.8571428571428571,0.9639344262295081,False,False,False
EKB 569 (BRD:BRD-K08799216-001-05-3),7,7,3,4,0.8222612961217782,0.892044001679625,0.7665448944711422,0.9360491252743357,-0.06978270555784682,-0.16950423080319355,0.8571428571428571,0.9639344262295081,False,False,False
EPLERENONE (BRD:BRD-K19761926-001-03-6),7,7,3,4,0.9197269062162,0.8867380414230089,0.927130721137585,0.873217564351472,0.032988864793191075,0.05391315678611297,0.8571428571428571,0.9639344262295081,False,False,False
JNJ-26481585 (BRD:BRD-K83837640-001-04-8),7,7,3,4,0.460730445906514,0.4727696340598505,0.441511755005058,0.461162788546581,-0.012039188153336489,-0.019651033541522978,0.8571428571428571,0.9639344262295081,False,False,False
LANATOSIDE-C (BRD:BRD-A64242993-001-05-6),7,7,3,4,0.7331447873716433,0.7036658328045116,0.714698368385405,0.7089673870538751,0.029478954567131788,0.0057309813315299385,0.8571428571428571,0.9639344262295081,False,False,False
MEFEXAMIDE (BRD:BRD-K20655524-003-12-0),7,7,3,4,0.6650207581912536,0.645283086722468,0.67813199302557,0.6456002724706615,0.019737671468785578,0.032531720554908494,0.8571428571428571,0.9639344262295081,False,False,False
MITOMYCIN-C (BRD:BRD-A48237631-001-04-8),7,7,3,4,0.7828145459180257,0.737867879004972,0.693366958129172,0.70816202008758,0.04494666691305371,-0.014795061958407962,0.8571428571428571,0.9639344262295081,False,False,False
NAVARIXIN (BRD:BRD-K82850175-001-01-1),7,7,3,4,0.8866154961632606,0.8846803450056828,0.89084303179883,0.888032494401244,0.001935151157577808,0.002810537397585966,0.8571428571428571,0.9639344262295081,False,False,False
OLVEREMBATINIB (BRD:BRD-K35329391-334-01-7),7,7,3,4,0.7985289163968634,0.702203362517439,0.776026210901352,0.7361097435783606,0.09632555387942443,0.03991646732299148,0.8571428571428571,0.9639344262295081,False,False,False
PD-407824 (BRD:BRD-K82823804-001-04-1),7,7,3,4,0.9032990999869247,0.8680827834426655,0.892273422996506,0.8659802050847656,0.03521631654425916,0.02629321791174044,0.8571428571428571,0.9639344262295081,False,False,False
PKI-179 (BRD:BRD-A28467416-002-01-0),7,7,3,4,0.64463134983054,0.6508417370633612,0.597583273928325,0.6435523996967529,-0.006210387232821191,-0.04596912576842793,0.8571428571428571,0.9639344262295081,False,False,False
REGORAFENIB (BRD:BRD-K16730910-001-10-7),7,7,3,4,0.9524105339676182,0.9574446963202774,0.9683312108391148,0.9782953685054023,-0.005034162352659188,-0.009964157666287554,0.8571428571428571,0.9639344262295081,False,False,False
ROMIDEPSIN (BRD:BRD-K61397605-001-03-4),7,7,3,4,0.2228906348845663,0.20169758989572,0.224766156296047,0.2024738037082015,0.021193044988846305,0.022292352587845482,0.8571428571428571,0.9639344262295081,False,False,False
RUTIN (BRD:BRD-K20482099-001-09-4),7,7,3,4,0.8527632642235491,0.8333396809356283,0.831237584674524,0.8639235427350775,0.01942358328792082,-0.03268595806055352,0.8571428571428571,0.9639344262295081,False,False,False
SCRIPTAID (BRD:BRD-K22503835-001-11-0),7,7,3,4,0.8708843454734453,0.8814179015807255,0.871645810412529,0.8889614512011175,-0.01053355610728024,-0.017315640788588493,0.8571428571428571,0.9639344262295081,False,False,False
WYE-125132 (BRD:BRD-A45498368-001-07-1),7,7,3,4,0.6767813693485863,0.7142371647533298,0.733593487626876,0.7055363382027785,-0.03745579540474342,0.02805714942409754,0.8571428571428571,0.9639344262295081,False,False,False
A-1065-5 (BRD:BRD-K87124298-001-03-4),8,8,3,5,0.7514507348486553,0.7882439860770186,0.756572012813763,0.784009045409897,-0.0367932512283633,-0.02743703259613406,1.0,1.0,False,False,False
ACETOPHENAZINE (BRD:BRD-K42938903-332-01-1),6,6,3,3,0.903299993269039,0.9516342273104135,0.957720484571849,0.955445316062932,-0.04833423404137449,0.002275168508916958,1.0,1.0,False,False,False
ADAPREV (BRD:BRD-A73427433-240-01-3),8,8,3,5,0.8113180136939713,0.7844311919382713,0.779275846336558,0.790246101814396,0.026886821755700008,-0.010970255477838031,1.0,1.0,False,False,False
ADEFOVIR-DIPIVOXIL (BRD:BRD-K96159438-001-06-3),6,6,3,3,0.8635895131726467,0.8597014813042733,0.872612381060753,0.863687373108725,0.003888031868373387,0.008925007952027997,1.0,1.0,False,False,False
ALECTINIB (BRD:BRD-K11267252-001-05-1),6,6,3,3,0.9555599663329186,0.904009967756513,0.9664568119297192,0.9612421078455642,0.05154999857640563,0.005214704084155031,1.0,1.0,False,False,False
AMFENAC (BRD:BRD-K82122102-323-01-1),6,6,3,3,0.9122154691821857,0.9141251875489039,0.911958141342761,0.907843705801418,-0.0019097183667182716,0.004114435541342942,1.0,1.0,False,False,False
AR 42 (BRD:BRD-K13167095-001-02-9),8,8,3,5,0.7632108115406503,0.7530647080311186,0.789613975306087,0.711921183141291,0.010146103509531712,0.07769279216479597,1.0,1.0,False,False,False
BIRINAPANT (BRD:BRD-K71221037-001-01-6),8,8,3,5,0.7803376803019783,0.7804968579986802,0.790380897688607,0.827811422759766,-0.00015917769670192872,-0.03743052507115907,1.0,1.0,False,False,False
BREFELDIN-A (BRD:BRD-K77841042-001-14-1),8,8,3,5,0.5824044436067051,0.6003692622549401,0.588281325318032,0.571902015064519,-0.01796481864823507,0.016379310253513024,1.0,1.0,False,False,False
CAPECITABINE (BRD:BRD-K61192372-001-08-9),6,6,3,3,0.8702474775177498,0.8908246714138572,0.8650938187894242,0.8841269570176417,-0.02057719389610746,-0.019033138228217505,1.0,1.0,False,False,False
CHLORHEXIDINE (BRD:BRD-K52256627-300-06-6),6,6,3,3,0.8876324510331818,0.9053416114268836,0.876492732972193,0.882250820640155,-0.01770916039370185,-0.005758087667962042,1.0,1.0,False,False,False
CHLOROXINE (BRD:BRD-K17075857-001-18-4),8,8,3,5,0.8544704693707293,0.844936672355488,0.859142760719727,0.829632929696558,0.009533797015241374,0.029509831023168953,1.0,1.0,False,False,False
DEFOROLIMUS (BRD:BRD-K62304154-001-04-2),8,8,3,5,0.5747824887170834,0.5630131246144414,0.629538686062214,0.565018146050756,0.011769364102641955,0.06452054001145802,1.0,1.0,False,False,False
ETP-46464 (BRD:BRD-K24556407-001-02-3),8,8,3,5,0.8089530898258289,0.802602707283049,0.779348087331022,0.823179792927201,0.006350382542779864,-0.043831705596178994,1.0,1.0,False,False,False
FLUTICASONE-PROPIONATE (BRD:BRD-K62310379-001-10-5),6,6,3,3,0.8139121198028509,0.8369808359291083,0.843402089611963,0.896674938023987,-0.023068716126257383,-0.053272848412024065,1.0,1.0,False,False,False
GDC-0980 (BRD:BRD-K23228615-001-02-8),6,6,3,3,0.7974406700443976,0.8146765006341061,0.7510249796669406,0.8001949078856424,-0.017235830589708567,-0.04916992821870181,1.0,1.0,False,False,False
INOSINE (BRD:BRD-K79612754-001-19-1),6,6,3,3,0.844952622621467,0.8252348803104766,0.815574324170771,0.836812604548979,0.019717742310990327,-0.021238280378207963,1.0,1.0,False,False,False
IPATASERTIB (BRD:BRD-K71480163-001-01-4),6,6,3,3,0.7741514651853146,0.7972185814011242,0.782569993959765,0.78059912196786,-0.02306711621580959,0.0019708719919050433,1.0,1.0,False,False,False
KD025 (BRD:BRD-K88506063-001-01-8),7,7,3,4,0.8559693093407886,0.8494172863589895,0.846541453394035,0.8585097512161746,0.006552022981799133,-0.011968297822139595,1.0,1.0,False,False,False
LY3023414 (BRD:BRD-K82967180-001-01-6),8,8,3,5,0.5751777586308727,0.5888587589853496,0.559732017786395,0.601978735852983,-0.013681000354476835,-0.042246718066587974,1.0,1.0,False,False,False
METARAMINOL (BRD:BRD-K96253961-046-03-1),7,7,3,4,0.7664122420911843,0.7690836048709665,0.766890806076908,0.7579875212281395,-0.0026713627797821937,0.008903284848768456,1.0,1.0,False,False,False
MIFEPRISTONE (BRD:BRD-K37270826-001-27-6),7,7,3,4,0.916678204224183,0.9186463972620952,0.891828187215438,0.9160492860836815,-0.0019681930379121804,-0.02422109886824353,1.0,1.0,False,False,False
NH125 (BRD:BRD-K31086665-005-04-6),8,8,3,5,0.849887416237474,0.8356493875784594,0.827689779804605,0.843794776276126,0.014238028659014579,-0.01610499647152097,1.0,1.0,False,False,False
OLIGOMYCIN-A (BRD:BRD-A81541225-001-06-8),6,6,3,3,0.37597920231650006,0.27101088698421966,0.1618373384393,0.20916738298205,0.1049683153322804,-0.04733004454275,1.0,1.0,False,False,False
OXYQUINOLINE (BRD:BRD-K66808046-065-03-7),7,7,3,4,0.925869260637027,0.9363416374239488,0.948857239583435,0.9468608457945396,-0.010472376786921811,0.0019963937888954897,1.0,1.0,False,False,False
PENFLURIDOL (BRD:BRD-K15409150-001-05-8),7,7,3,4,0.7145418106607583,0.7142958565129904,0.715070589535823,0.737491238085039,0.0002459541477678462,-0.022420648549215993,1.0,1.0,False,False,False
PENTAMIDINE (BRD:BRD-K13183738-317-10-2),7,7,3,4,0.835810930505001,0.8398139548435707,0.860795069109085,0.8405325670437925,-0.004003024338569694,0.020262502065292454,1.0,1.0,False,False,False
RO-106-9920 (BRD:BRD-A53134341-001-03-2),8,8,3,5,0.7677994586650443,0.7935428010196254,0.783920931203682,0.776203857053211,-0.02574334235458109,0.0077170741504709595,1.0,1.0,False,False,False
ROCILETINIB (BRD:BRD-K33610132-001-02-9),6,6,3,3,0.9129228693052284,0.909772332576365,0.8889398743951239,0.9339958189763942,0.00315053672886334,-0.04505594458127027,1.0,1.0,False,False,False
RS-17053 (BRD:BRD-K76840893-003-02-5),8,8,3,5,0.9083077888555238,0.8955919671340062,0.90205071387249,0.913284912500934,0.012715821721517528,-0.011234198628443992,1.0,1.0,False,False,False
SARAFLOXACIN (BRD:BRD-K08525451-003-05-2),6,6,3,3,0.8833869800749931,0.8760782740538947,0.849251168827295,0.850808520221114,0.0073087060210983434,-0.001557351393818962,1.0,1.0,False,False,False
SB-431542 (BRD:BRD-K67298865-001-09-0),8,8,3,5,0.8505664574266013,0.7863874946436604,0.795235540405384,0.843283856733389,0.06417896278294088,-0.04804831632800499,1.0,1.0,False,False,False
SULCONAZOLE (BRD:BRD-A70649075-008-30-8),8,8,3,5,0.9085733333138176,0.9021784087668484,0.909861816166308,0.904067449162025,0.006394924546969216,0.005794367004283041,1.0,1.0,False,False,False
TG-100713 (BRD:BRD-K46392623-001-02-5),7,7,3,4,0.8814767811854587,0.8832523980687432,0.839666737399028,0.8954177545224196,-0.0017756168832845365,-0.05575101712339159,1.0,1.0,False,False,False
TORIN-2 (BRD:BRD-K68174511-001-06-6),7,7,3,4,0.6355811176060869,0.6448702935806996,0.634144006899979,0.6367206064355015,-0.009289175974612651,-0.0025765995355225835,1.0,1.0,False,False,False
TROVAFLOXACIN (BRD:BRD-K00494077-066-01-9),7,7,3,4,0.902420375672766,0.8725677341306762,0.859009563895067,0.8674834085552581,0.029852641542089775,-0.008473844660191077,1.0,1.0,False,False,False
TRYPTANTHRIN (BRD:BRD-K76973696-001-12-6),7,7,3,4,0.821547863156494,0.8214408119019221,0.850327213879982,0.8182895068600865,0.00010705125457188824,0.0320377070198955,1.0,1.0,False,False,False
TYRPHOSTIN-A9 (BRD:BRD-K40255344-001-17-6),8,8,3,5,0.8260713226241716,0.810708926691734,0.821049228563024,0.824419288305156,0.0153623959324376,-0.0033700597421320033,1.0,1.0,False,False,False
