ID,Description,GeneRatio,BgRatio,RichFactor,FoldEnrichment,zScore,pvalue,p.adjust,qvalue,geneID,Count
GO:0002274,myeloid leukocyte activation,44/1533,195/14276,0.22564102564102564,2.1012728519577832,5.3705502457660215,1.256780512819517e-6,0.003592544647743066,0.003285754364422151,DHRS2/SYT11/CXCL8/IL6/CTSC/ITGB8/RHOH/TLR6/PREX1/BATF3/PLA2G2A/PRKCD/PLA2G4A/GATA2/CXCL6/IL13RA2/SCNN1B/KCNJ8/WNK4/JAK2/PLA2G10/TLR1/ENPP3/DOCK2/TMEM229B/CSF1/CSF2/FN1/ATM/TTBK1/CPLX2/CAMP/TAFA3/NECTIN2/VAMP7/MT1G/LRRK2/DNASE1/IL15/THBS1/FAM76B/GRN/PDPK1/CCL5,44
GO:0043062,extracellular structure organization,60/1533,300/14276,0.2,1.86249184605349,5.236576756182653,1.314025108903828e-6,0.003592544647743066,0.003285754364422151,COL5A2/LARGE1/NID1/FMOD/FLRT2/COL3A1/ABI3BP/DPP4/ADAMTS19/ADAMTS5/COL16A1/POSTN/NID2/HPN/IL6/LOX/BMP2/MMP2/COLGALT2/SLC2A10/ADAMTS12/FAP/ADAMTS6/COL2A1/PDGFRA/P4HA3/EFEMP2/COL1A2/FGFR4/COL28A1/ADAMTS2/TGFBR3/HAS3/ADAM8/DDR2/OLFML2B/TNR/RXFP1/TEX14/ADAMTS4/GREM1/TNFRSF11B/MMP16/COL5A1/LRP1/ITGB3/RGCC/COL4A6/CCN1/FOXC2/SMOC2/ADAMTS3/FSCN1/COL8A2/ANXA2/SULF1/OLFML2A/SMPD3/EGFLAM/ELN,60
GO:0030198,extracellular matrix organization,59/1533,299/14276,0.19732441471571907,1.8375755671765202,5.076634607196303,2.527240770279142e-6,0.004310992487938936,0.003942849364763001,COL5A2/LARGE1/NID1/FMOD/FLRT2/COL3A1/ABI3BP/DPP4/ADAMTS19/ADAMTS5/COL16A1/POSTN/NID2/HPN/IL6/LOX/BMP2/MMP2/COLGALT2/SLC2A10/ADAMTS12/FAP/ADAMTS6/COL2A1/PDGFRA/P4HA3/EFEMP2/COL1A2/FGFR4/COL28A1/ADAMTS2/TGFBR3/HAS3/ADAM8/DDR2/OLFML2B/TNR/RXFP1/ADAMTS4/GREM1/TNFRSF11B/MMP16/COL5A1/LRP1/ITGB3/RGCC/COL4A6/CCN1/FOXC2/SMOC2/ADAMTS3/FSCN1/COL8A2/ANXA2/SULF1/OLFML2A/SMPD3/EGFLAM/ELN,59
GO:0045229,external encapsulating structure organization,59/1533,301/14276,0.19601328903654486,1.8253657627434534,5.0196921535896335,3.1536155727424552e-6,0.004310992487938936,0.003942849364763001,COL5A2/LARGE1/NID1/FMOD/FLRT2/COL3A1/ABI3BP/DPP4/ADAMTS19/ADAMTS5/COL16A1/POSTN/NID2/HPN/IL6/LOX/BMP2/MMP2/COLGALT2/SLC2A10/ADAMTS12/FAP/ADAMTS6/COL2A1/PDGFRA/P4HA3/EFEMP2/COL1A2/FGFR4/COL28A1/ADAMTS2/TGFBR3/HAS3/ADAM8/DDR2/OLFML2B/TNR/RXFP1/ADAMTS4/GREM1/TNFRSF11B/MMP16/COL5A1/LRP1/ITGB3/RGCC/COL4A6/CCN1/FOXC2/SMOC2/ADAMTS3/FSCN1/COL8A2/ANXA2/SULF1/OLFML2A/SMPD3/EGFLAM/ELN,59
GO:0061448,connective tissue development,52/1533,264/14276,0.19696969696969696,1.834272272628437,4.745511206499422,1.0332864543806237e-5,0.010025147308308231,0.009169036087816657,FGF2/ZEB1/LARGE1/STC1/CRIP1/HMGA2/COL3A1/HMGCS2/FGFR3/TRPM4/LOX/BMP2/OTOR/ITGB8/CCN3/PDGFRB/ADAMTS12/XBP1/COL2A1/TSKU/BMP6/BMP5/HAND2/SCIN/PRRX1/FOXA1/RXFP1/GREM1/RARA/GPR4/SPART/MSX2/NPR2/CSF1/ERRFI1/TRPV4/COL5A1/ITGB3/SLC39A14/CHI3L1/CCN1/WNT2B/FOXC2/THRA/MAPK3/SPTLC2/SULF1/PRKAA1/DHRS7B/SMPD3/TRPS1/EDN1,52
GO:0035924,cellular response to vascular endothelial growth factor stimulus,27/1533,106/14276,0.25471698113207547,2.372041502049256,4.917660579540606,1.3986152711962751e-5,0.010025147308308231,0.009169036087816657,ERBB2/EPHA5/FGFR3/SPRY2/CCBE1/RET/GAS1/PDGFRB/ADAMTS12/XBP1/PDGFRA/NTRK2/ROS1/NUS1/VCAM1/FGFR4/DCN/NRP2/DDR2/NR4A1/EPHA1/DLL1/AKT1/MUSK/MT1G/SMOC2/ADAMTS3,27
GO:0048839,inner ear development,38/1533,174/14276,0.21839080459770116,2.033755464081397,4.7585581566513,1.4531880033251955e-5,0.010025147308308231,0.009169036087816657,FGF2/ZEB1/ZIC1/FREM2/TCAP/EYA4/PAX8/SPRY2/KCNK2/HPN/BMP2/COL2A1/TSKU/LIN7A/TGFB3/GATA2/PRRX1/NECTIN3/BMPER/TBX2/CTHRC1/TBX18/MYCL/PDZD7/HOXA1/FOXG1/TPRN/OTOGL/CECR2/DLL1/HEY2/USH1C/JAG2/EYA1/ADGRV1/KCNK3/POU4F3/SOBP,38
GO:0043583,ear development,42/1533,201/14276,0.208955223880597,1.9458870033394668,4.684210243858553,1.6586849021726625e-5,0.010025147308308231,0.009169036087816657,FGF2/ZEB1/ZIC1/FREM2/TCAP/EYA4/PAX8/SPRY2/KCNK2/HPN/BMP2/COL2A1/TSKU/LIN7A/TGFB3/BMP5/GATA2/PRRX1/NECTIN3/SHROOM2/BMPER/TBX2/CTHRC1/TBX18/MYCL/PDZD7/HOXA1/FOXG1/TPRN/OTOGL/CECR2/DLL1/HEY2/USH1C/JAG2/EYA1/MAPK3/ADGRV1/KCNK3/POU4F3/EDN1/SOBP,42
GO:0008015,blood circulation,77/1533,447/14276,0.17225950782997762,1.604159643692603,4.501252543042533,1.7232533981123808e-5,0.010025147308308231,0.009169036087816657,P2RX2/ZEB2/ITGA4/TCAP/STC1/NKX2-5/ISL1/TRPM4/POSTN/CACNA2D1/ABAT/RGS4/MMP2/BMP6/ADCY6/FERMT2/POPDC1/SCNN1G/COL1A2/KCNIP1/CACNA1D/ABCC8/SVEP1/HRH1/ACSM3/PER2/RGS2/TBX2/GPD1L/KCNK6/ADM/FLI1/AKAP12/AGTR1/PDE3A/ADRA1B/CACNA1H/SPTBN4/GCH1/EMP2/SCNN1B/KCNJ8/KCNJ2/WNK4/COMT/SLC6A4/TBX18/GPR4/HTR1B/SLC9A1/ATP2B2/CELF2/SLC8A2/NPR2/TAC4/F5/DBH/TRPV4/ACTC1/SCNN1A/FGF12/DLL1/HEY2/SREBF1/CYSLTR1/FOXC2/THRA/GJC1/P2RY1/KCNK3/RANGRF/TNNT2/CEACAM1/FLNA/EDN1/ELN/NUP155,77
GO:0042063,gliogenesis,58/1533,311/14276,0.1864951768488746,1.7367287310466626,4.556072493412646,1.8334212341456167e-5,0.010025147308308231,0.009169036087816657,FGF2/ERBB2/ZEB2/VIM/LARGE1/CCL2/PTN/COL3A1/SRGAP2C/PLPP3/IL6/DNER/BMP2/FGF5/LRP2/CNTNAP1/NTRK2/ASCL2/ERBB3/CDH2/EGR2/HDAC11/VCAN/B4GALT6/EOMES/ABCC8/GPR157/CHRM1/LAMC3/LPAR1/CNTN1/TRPC4/TUBA1A/SERPINE2/CSPG4/TPPP/FOXG1/DISC1/CSF1/QKI/STAT3/NR3C1/LRP1/TTBK1/DLL1/AKT1/CYSLTR1/PTPRZ1/GJC2/CDK6/MAPK3/CDK5R2/CUL4B/RNF112/P2RY1/GRN/MYB/BMERB1,58
GO:0043542,endothelial cell migration,42/1533,209/14276,0.20095693779904306,1.8714032902929802,4.401643743631449,4.3803493192796085e-5,0.021774318252564453,0.01991487044583485,FGF2/ZEB2/SCG2/STC1/PTN/PLPP3/DPP4/CCBE1/DNAJA4/CCN3/S100A2/TNFSF12/FAP/NUS1/S100P/TGFBR3/DCN/GATA2/CD40/NRP2/BMPER/HDAC9/EMP2/GREM1/NR4A1/GADD45A/CDH13/ITGB3/RGCC/AKT1/SEMA4A/PATZ1/FOXC2/SMOC2/CALR/TMSB4X/THBS1/GRN/CEACAM1/PDPK1/EDN1/RHOB,42
GO:0048661,positive regulation of smooth muscle cell proliferation,21/1533,78/14276,0.2692307692307692,2.5072005619950826,4.629435708008362,5.109735383331831e-5,0.02328336089671538,0.021295046321236424,FGF2/IL6/MMP2/PDGFRB/XBP1/S1PR1/CALCRL/EREG/DDR2/IRAK1/JAK2/HTR1B/CDH13/MAP3K7/ITGB3/AKT1/THBS1/SMPD3/MYB/EDN1/CCL5,21
GO:1903978,regulation of microglial cell activation,8/1533,15/14276,0.5333333333333333,4.966644922809307,5.331105289481794,5.580715978282813e-5,0.02347334997634648,0.021468811022527647,SYT11/IL6/CTSC/ATM/TTBK1/TAFA3/LRRK2/GRN,8
GO:0007528,neuromuscular junction development,16/1533,52/14276,0.3076923076923077,2.865372070851523,4.67390159409813,6.950880858233237e-5,0.02645710089489558,0.02419776043422956,ERBB2/P2RX2/LARGE1/LIN7A/CNTNAP1/DOK7/SPTBN4/KCNJ8/FARP1/CACNA2D2/LIN7B/MUSK/LRRK2/PPFIBP2/NEDD4/FZD9,16
GO:0050878,regulation of body fluid levels,59/1533,333/14276,0.17717717717717718,1.6499552389963348,4.162466450933965,7.25780017233785e-5,0.02645710089489558,0.02419776043422956,AKR1B1/MUC2/ZNF385A/F7/COL3A1/PROS1/IL6/AGR2/VWF/XBP1/FAP/PDGFRA/ADCY6/SCNN1G/PRKCD/DGKI/CHRM3/WNK3/PLA2G4A/SERPINB2/FOXB1/SVEP1/CD40/HPSE/ENTPD2/CHRM1/ADM/FLI1/TFPI/ITPK1/EMP2/SERPINE2/SCNN1B/C1QTNF1/WNK4/NEGR1/SLC6A4/JAK2/PLAUR/TLN1/MED1/F5/TRPV4/PRKCQ/PABPC4/ITGB3/SCNN1A/JMJD1C/F11R/THBS1/ANXA2/GLA/P2RY1/C4BPB/SAA1/CEACAM1/BLOC1S3/FLNA/EDN1,59
GO:0010977,negative regulation of neuron projection development,28/1533,123/14276,0.22764227642276422,2.1199094182722646,4.326477940704631,8.745382915680644e-5,0.0298873461143386,0.027335075152893906,VIM/ULK1/TSKU/ADCY6/NLGN1/FAT3/SEMA3A/BCL11A/LPAR1/TNR/ZNF296/CDH1/INPP5J/SLIT1/SPART/GFI1/SPOCK1/PMP22/TRPV4/DKK1/NEO1/DENND5A/MYLIP/KREMEN1/DPYSL3/LRRK2/MAP2/FLNA,28
GO:0010817,regulation of hormone levels,75/1533,455/14276,0.16483516483516483,1.5350207522418873,4.022813388206031,9.877838565726846e-5,0.0310173704969155,0.02836859955162005,DHRS2/AKR1B1/FOXE1/STARD3/EPHA5/IYD/PAX8/DPP4/ISL1/TRPM4/ABAT/PTPRN2/HPN/IL6/BMP2/SLC7A8/CPA4/CCN3/CPE/PDGFRA/BMP6/GPR68/SDR16C5/FAM3B/MME/CRYM/ESR1/BMP5/CHRM3/CYP26A1/ABCC8/UGT2B15/PER2/VGF/ADM/AGTR1/FOXA1/CACNA1H/TRH/SCNN1B/C1QTNF1/UGT2B17/WNK4/JAK2/HADH/CHST8/GFI1/BAIAP3/CTSL/MED1/MYRIP/TRPV4/KCNJ11/SLC9B2/NR3C1/CYP46A1/RAB11FIP2/SREBF1/SLC39A14/ADCY8/RPE65/VAMP7/SULT1A1/RPH3AL/RDH16/SGPL1/P2RY1/CYB5R4/SMPD3/RAB11FIP3/MYB/EDN1/RAB11FIP1/CCL5/RDH13,75
GO:0001501,skeletal system development,79/1533,486/14276,0.16255144032921812,1.5137536608870956,3.996816645973418,1.0451870647633539e-4,0.0310173704969155,0.02836859955162005,FGF2/ZEB1/COL5A2/LARGE1/FST/CLEC3A/STC1/HMGA2/HES7/COL3A1/FGFR3/ATG9B/LOX/BMP2/MMP2/FBN1/PDGFC/OTOR/ITGB8/CCN3/SLC2A10/ADAMTS12/ALX1/COL2A1/PDGFRA/TSKU/BMP6/GPR68/TGFB3/PHOSPHO1/BMP5/COL1A2/HAND2/P3H1/VCAN/SCIN/CLDN18/PRRX1/HOXA9/DDR2/ADAMTS4/GREM1/HOXB9/RARA/ATG9A/IFT140/HOXA1/TBX4/MSX2/NPR2/PAPPA2/TNFRSF11B/ERRFI1/MMP16/TRPV4/SLC9B2/ANKH/CHAD/HOXD12/PLXNB1/SLC39A14/CHI3L1/CCN1/JAG2/WNT2B/EYA1/FOXC2/THRA/MAPK3/SGPL1/ANXA2/ACAN/SULF1/PTGER4/SMPD3/GLI2/TRPS1/EDN1/HOXB1,79
GO:0048659,smooth muscle cell proliferation,29/1533,131/14276,0.22137404580152673,2.0615367761660766,4.233431245364968,1.1198568469896995e-4,0.0310173704969155,0.02836859955162005,FGF2/IL6/BMP2/MMP2/CCN3/PDGFRB/XBP1/S1PR1/APOD/CALCRL/EFEMP2/TGFB3/EREG/DDR2/IRAK1/JAK2/IGFBP3/HTR1B/CDH13/DBH/MAP3K7/ITGB3/AKT1/THBS1/SMPD3/MYB/EDN1/CCL5/ELN,29
GO:0031345,negative regulation of cell projection organization,35/1533,171/14276,0.2046783625730994,1.9060589067798872,4.1341976733151995,1.2572798750271996e-4,0.0310173704969155,0.02836859955162005,VIM/SRGAP2C/SPRY2/ULK1/TSKU/ADCY6/NLGN1/PRKCD/FAT3/RAP1GAP/SEMA3A/BCL11A/LPAR1/TNR/ZNF296/CDH1/INPP5J/TBC1D30/SLIT1/SPART/GFI1/SPOCK1/PMP22/TRPV4/DKK1/NEO1/DENND5A/MYLIP/AKT1/KREMEN1/DPYSL3/LRRK2/LIMK2/MAP2/FLNA,35
GO:0061900,glial cell activation,14/1533,44/14276,0.3181818181818182,2.963055209630552,4.523235285394596,1.3080856200304946e-4,0.0310173704969155,0.02836859955162005,ZEB2/SYT11/IL6/CTSC/TLR6/KCNJ8/JAK2/TLR1/LRP1/ATM/TTBK1/TAFA3/LRRK2/GRN,14
GO:0001525,angiogenesis,80/1533,497/14276,0.16096579476861167,1.4989874012502935,3.9271927654632357,1.318456477040281e-4,0.0310173704969155,0.02836859955162005,FGF2/ERBB2/ANPEP/SCG2/CCL2/HMGA2/CXCL8/ISL1/SPRY2/CCBE1/IL6/MMP2/ITGB8/CCN3/PDGFRB/XBP1/S1PR1/APOD/TNFSF12/FAP/PDGFRA/CALCRL/NUS1/HOXB13/HAND2/TGFBR3/ADAM8/JAM3/DCN/ABCC8/GATA2/CD40/HPSE/ROBO4/CLIC3/BCAM/EREG/NRP2/BMPER/HDAC9/ADM/AGTR1/EMP2/GREM1/NR4A1/MCAM/GADD45A/CSPG4/GPR4/CDH13/PAK4/TBX4/MED1/NPR2/QKI/FN1/STAT3/EPHA1/ITGB3/RGCC/DLL1/AKT1/CAMP/CYSLTR1/SEMA4A/CHI3L1/CCN1/FOXC2/SMOC2/EFNA3/THBS1/COL8A2/ANXA2/SULF1/GRN/CEACAM1/FLNA/PDPK1/EDN1/RHOB,80
GO:0002269,leukocyte activation involved in inflammatory response,13/1533,39/14276,0.3333333333333333,3.104153076755816,4.563769344422419,1.3309333524036775e-4,0.0310173704969155,0.02836859955162005,SYT11/IL6/CTSC/TLR6/SCNN1B/KCNJ8/JAK2/TLR1/ATM/TTBK1/TAFA3/LRRK2/GRN,13
GO:0007204,positive regulation of cytosolic calcium ion concentration,28/1533,126/14276,0.2222222222222222,2.0694353845038775,4.182008358548687,1.361406166653204e-4,0.0310173704969155,0.02836859955162005,C5AR2/P2RX2/PTGER3/TRPM4/CACNA2D1/GRIN1/CACNA1A/PTGFR/ESR1/TMBIM6/GATA2/LPAR1/ADM/AGTR1/ADRA1B/TRPC3/C1QTNF1/JAK2/SPPL3/TAC4/TRPV4/CCR10/CYSLTR1/ADCY8/P2RY1/PTGER4/SAA1/EDN1,28
GO:0030199,collagen fibril organization,18/1533,66/14276,0.2727272727272727,2.5397616082547585,4.348622514712684,1.4403581549204614e-4,0.031503513564420334,0.028813227764324677,COL5A2/FMOD/COL3A1/ADAMTS19/LOX/COLGALT2/ADAMTS12/COL2A1/P4HA3/EFEMP2/COL1A2/ADAMTS2/DDR2/GREM1/COL5A1/FOXC2/ADAMTS3/ANXA2,18
GO:0048660,regulation of smooth muscle cell proliferation,28/1533,127/14276,0.2204724409448819,2.0531406176967604,4.134744179832749,1.5707413675204574e-4,0.03303389922154562,0.030212924036800377,FGF2/IL6/BMP2/MMP2/PDGFRB/XBP1/S1PR1/APOD/CALCRL/EFEMP2/TGFB3/EREG/DDR2/IRAK1/JAK2/IGFBP3/HTR1B/CDH13/DBH/MAP3K7/ITGB3/AKT1/THBS1/SMPD3/MYB/EDN1/CCL5/ELN,28
GO:0035051,cardiocyte differentiation,29/1533,134/14276,0.21641791044776118,2.015382967744448,4.095907604299791,1.703422972942754e-4,0.03345397580075852,0.030597127599700402,LARGE1/TCAP/NKX2-5/ISL1/RGS4/BMP2/PDGFRB/PDGFRA/POPDC1/VCAM1/HAND2/EOMES/TGFBR3/RGS2/TBX2/GREM1/KCNJ8/RARA/TBX18/SLC9A1/DKK1/ACTC1/SGCB/DLL1/HEY2/MAPK3/CALR/FOLR1/EDN1,29
GO:0090102,cochlea development,14/1533,45/14276,0.3111111111111111,2.897209538305429,4.421067455555894,1.7130784974784904e-4,0.03345397580075852,0.030597127599700402,ZEB1/KCNK2/HPN/GATA2/NECTIN3/TBX2/CTHRC1/TBX18/HOXA1/CECR2/HEY2/EYA1/KCNK3/SOBP,14
GO:0042060,wound healing,66/1533,397/14276,0.16624685138539042,1.5481670256867799,3.841955828153037,1.9752811248433902e-4,0.035604153641136234,0.03256368805086787,FGF2/ERBB2/CD109/F7/SYT11/COL3A1/PLPP3/PROS1/IL6/VWF/XBP1/TMEFF2/FAP/PDGFRA/TSKU/FERMT2/ERBB3/PRKCD/DGKI/PLA2G4A/SERPINB2/SVEP1/GATA2/CD40/HPSE/ENTPD2/CLDN4/EREG/DDR2/TFPI/ITPK1/CLDN1/SERPINE2/DCBLD2/C1QTNF1/MCAM/SLC6A4/GPR4/JAK2/S100A10/PLAUR/TLN1/MSX2/NPR2/F5/COL5A1/FN1/PRKCQ/PABPC4/ITGB3/JMJD1C/CCN1/FOXC2/F11R/SMOC2/THBS1/ANXA2/GLA/P2RY1/C4BPB/CHMP4C/SAA1/CEACAM1/BLOC1S3/FLNA/EDN1,66
GO:0044057,regulation of system process,75/1533,465/14276,0.16129032258064516,1.5020095532689435,3.8172375737638653,1.9866656627304168e-4,0.035604153641136234,0.03256368805086787,ITGA4/STC1/PTGER3/NKX2-5/ISL1/TRPM4/ORMDL3/CACNA2D1/ABAT/RGS4/GRIN1/MMP2/CTSC/CCN3/BMP6/TLX3/POPDC1/NLGN1/EGR2/CHRM3/WNK3/HAND2/KCNIP1/CACNA1D/ABCC8/SVEP1/HRH1/PER2/RGS2/TBX2/GPD1L/ADM/AGTR1/TNR/ADRA1B/CACNA1H/SPTBN4/GCH1/EMP2/TRPC3/C1QTNF1/KCNJ8/KCNJ2/LMCD1/CACNG1/NR4A1/WNK4/NEGR1/TBX18/SLC22A5/TPPP/SLC9A1/CBLN1/HIP1R/ATP2B2/CELF2/SLC8A2/TAC4/QKI/DBH/TRPV4/FGF12/ENO1/HEY2/SREBF1/CYSLTR1/LRRK2/THRA/GJC1/RANGRF/TNNT2/FLNA/EDN1/NUP155/CTTN,75
GO:0007193,adenylate cyclase-inhibiting G protein-coupled receptor signaling pathway,17/1533,62/14276,0.27419354838709675,2.553416240557204,4.251565016015313,2.0359197122039638e-4,0.035604153641136234,0.03256368805086787,GRM4/GNAI1/S1PR1/ADCY6/CHRM3/CHRM1/RGS2/LPAR1/AKAP12/HTR1B/ITGB3/P2RY1/PTGER4/GPR176/MARCO/FLNA/EDN1,17
GO:0035025,positive regulation of Rho protein signal transduction,10/1533,26/14276,0.38461538461538464,3.5817150885644042,4.569943693075402,2.0836373747555953e-4,0.035604153641136234,0.03256368805086787,ERBB2/COL3A1/SYNPO2L/FERMT2/LPAR1/GPR4/NET1/PLXNB1/ARRB1/F11R,10
GO:0001774,microglial cell activation,12/1533,36/14276,0.3333333333333333,3.104153076755816,4.38426585834626,2.4019038471400841e-4,0.038659729600536166,0.03535832890543013,SYT11/IL6/CTSC/TLR6/KCNJ8/JAK2/TLR1/ATM/TTBK1/TAFA3/LRRK2/GRN,12
GO:1903522,regulation of blood circulation,41/1533,218/14276,0.18807339449541285,1.7514258185365388,3.8777149830628668,2.4480415211215723e-4,0.038659729600536166,0.03535832890543013,ITGA4/STC1/NKX2-5/ISL1/TRPM4/CACNA2D1/RGS4/MMP2/POPDC1/KCNIP1/CACNA1D/SVEP1/HRH1/PER2/RGS2/TBX2/GPD1L/ADM/AGTR1/ADRA1B/CACNA1H/SPTBN4/GCH1/KCNJ8/KCNJ2/TBX18/SLC9A1/ATP2B2/CELF2/SLC8A2/DBH/HEY2/SREBF1/CYSLTR1/THRA/GJC1/RANGRF/TNNT2/FLNA/EDN1/NUP155,41
GO:0045664,regulation of neuron differentiation,34/1533,170/14276,0.2,1.86249184605349,3.9237453428512286,2.4745620629458044e-4,0.038659729600536166,0.03535832890543013,FGF2/ZEB1/NKX2-5/ISL1/RET/BMP2/BRINP3/BMP6/TLX3/PCP4/NLGN1/RAP1GAP/GATA2/BCL11A/FOXA1/TCF4/UPF3B/NEUROD2/SLC6A4/RARA/SIX3/MYCL/FOXG1/MED1/DKK1/MAP1B/DLL1/HEY2/EYA1/LRRK2/EFNA3/CALR/RNF112/ISL2,34
GO:0007599,hemostasis,41/1533,220/14276,0.18636363636363637,1.735503765640752,3.81319189345588,2.988942153677273e-4,0.04282109423789073,0.039164328095371896,ZNF385A/F7/COL3A1/PROS1/IL6/VWF/FAP/PDGFRA/PRKCD/DGKI/PLA2G4A/SERPINB2/SVEP1/CD40/HPSE/ENTPD2/FLI1/TFPI/ITPK1/SERPINE2/C1QTNF1/SLC6A4/JAK2/PLAUR/TLN1/F5/PRKCQ/PABPC4/ITGB3/JMJD1C/F11R/THBS1/ANXA2/GLA/P2RY1/C4BPB/SAA1/CEACAM1/BLOC1S3/FLNA/EDN1,41
GO:0030195,negative regulation of blood coagulation,13/1533,42/14276,0.30952380952380953,2.882427856987544,4.237432565273302,3.0754524451991885e-4,0.04282109423789073,0.039164328095371896,PROS1/FAP/PDGFRA/PRKCD/SERPINB2/TFPI/SERPINE2/C1QTNF1/PLAUR/THBS1/ANXA2/CEACAM1/EDN1,13
GO:0036230,granulocyte activation,13/1533,42/14276,0.30952380952380953,2.882427856987544,4.237432565273302,3.0754524451991885e-4,0.04282109423789073,0.039164328095371896,CXCL8/PREX1/PLA2G2A/PRKCD/CXCL6/SCNN1B/ENPP3/CAMP/VAMP7/DNASE1/IL15/GRN/CCL5,13
GO:1903034,regulation of response to wounding,31/1533,152/14276,0.20394736842105263,1.8992515535413879,3.8658716466534018,3.1864628616941245e-4,0.04282109423789073,0.039164328095371896,FGF2/CD109/F7/PTN/PROS1/XBP1/FAP/PDGFRA/FERMT2/PRKCD/SERPINB2/HPSE/CLDN4/DDR2/TNR/TFPI/CLDN1/SERPINE2/C1QTNF1/PLAUR/STAT3/NEO1/KREMEN1/FOXC2/SMOC2/THBS1/ANXA2/GRN/CEACAM1/FLNA/EDN1,31
GO:0030224,monocyte differentiation,11/1533,32/14276,0.34375,3.201157860404436,4.32348036476251,3.205789127321453e-4,0.04282109423789073,0.039164328095371896,ZBTB46/GPR68/IFI16/MED1/CSF1/FASN/CSF2/INPP5D/CDK6/MT1G/THOC5,11
GO:0042119,neutrophil activation,12/1533,37/14276,0.32432432432432434,3.020257047654308,4.267672081737024,3.2107989461476225e-4,0.04282109423789073,0.039164328095371896,CXCL8/PREX1/PLA2G2A/PRKCD/CXCL6/SCNN1B/CAMP/VAMP7/DNASE1/IL15/GRN/CCL5,12
GO:0048008,platelet-derived growth factor receptor signaling pathway,23/1533,101/14276,0.22772277227722773,2.120659032635162,3.9200891463706333,3.593190826196868e-4,0.04677992247058208,0.0427850867550409,ERBB2/F7/EPHA5/FGFR3/RET/LOX/PDGFC/PDGFRB/APOD/PDGFRA/NTRK2/ROS1/FGFR4/DDR2/CSPG4/JAK2/HIP1R/EPHA1/LRP1/ITGB3/MUSK/SGPL1/SMPD3,23
GO:1900047,negative regulation of hemostasis,13/1533,43/14276,0.3023255813953488,2.8153946510110894,4.13504603554935,3.979730619836651e-4,0.049643665348997605,0.045404276377986295,PROS1/FAP/PDGFRA/PRKCD/SERPINB2/TFPI/SERPINE2/C1QTNF1/PLAUR/THBS1/ANXA2/CEACAM1/EDN1,13
GO:0033002,muscle cell proliferation,36/1533,188/14276,0.19148936170212766,1.7832368738810012,3.749476818183408,3.9947353243524044e-4,0.049643665348997605,0.045404276377986295,FGF2/NKX2-5/KCNK2/IL6/BMP2/MMP2/CCN3/PDGFRB/XBP1/S1PR1/APOD/CALCRL/EFEMP2/TGFB3/TGFBR3/EREG/DDR2/TBX2/IRAK1/JAK2/IGFBP3/HTR1B/AKIRIN1/CDH13/DBH/MAP3K7/ITGB3/AKT1/HEY2/FOXC2/THBS1/SMPD3/MYB/EDN1/CCL5/ELN,36
