Compuesto completo,Compuesto,n HER2-high,n HER2-low,Mediana AUC HER2-high,Mediana AUC HER2-low,Diferencia de medianas,p-valor,Criterio n>=3,FDR
CEPHALOMANNINE (BRD:BRD-K68904758-001-03-5),CEPHALOMANNINE,5,5,0.605063795165262,0.488145966218337,0.11691782894692498,0.007936507936507936,Sí,0.38228905597326646
CMPD-1 (BRD:BRD-K54095730-001-03-1),CMPD-1,5,5,0.922427072712685,0.836844072749624,0.08558299996306096,0.007936507936507936,Sí,0.38228905597326646
ER-27319 (BRD:BRD-K11927976-050-02-9),ER-27319,5,5,0.863316122940566,0.819078247188588,0.04423787575197802,0.007936507936507936,Sí,0.38228905597326646
NEMORUBICIN (BRD:BRD-K51911221-001-01-2),NEMORUBICIN,5,5,0.410642695723177,0.398486740184365,0.012155955538812047,0.007936507936507936,Sí,0.38228905597326646
OXIBENDAZOLE (BRD:BRD-K52075715-001-06-7),OXIBENDAZOLE,5,5,0.859592455334568,0.800545761224594,0.059046694109973985,0.007936507936507936,Sí,0.38228905597326646
RUBITECAN (BRD:BRD-K79821389-001-03-5),RUBITECAN,5,5,0.612031342469924,0.352580052073241,0.25945129039668297,0.007936507936507936,Sí,0.38228905597326646
SEPANTRONIUM BROMIDE (BRD:BRD-K76703230-004-04-1),SEPANTRONIUM BROMIDE,5,5,0.431122393535902,0.129887348005173,0.301235045530729,0.007936507936507936,Sí,0.38228905597326646
TOPOTECAN (BRD:BRD-K55696337-003-24-4),TOPOTECAN,5,5,0.726965324979557,0.489008464271443,0.237956860708114,0.007936507936507936,Sí,0.38228905597326646
VELBAN (BRD:BRD-K06519765-065-01-6),VELBAN,5,5,0.68065142152417,0.309593249505525,0.371058172018645,0.007936507936507936,Sí,0.38228905597326646
VINDESINE (BRD:BRD-K59753975-001-02-6),VINDESINE,5,5,0.768388722091438,0.363532465527401,0.40485625656403706,0.007936507936507936,Sí,0.38228905597326646
10-HYDROXYCAMPTOTHECIN (BRD:BRD-K63784565-001-06-2),10-HYDROXYCAMPTOTHECIN,5,4,0.526395750484696,0.245346688579506,0.28104906190518997,0.015873015873015872,Sí,0.38228905597326646
AZD5438 (BRD:BRD-K72414522-001-06-7),AZD5438,5,4,0.879775017538697,0.8134171171365201,0.06635790040217693,0.015873015873015872,Sí,0.38228905597326646
BNC105 (BRD:BRD-K20468903-001-01-6),BNC105,4,5,0.745690086254195,0.408991223167816,0.336698863086379,0.015873015873015872,Sí,0.38228905597326646
CANERTINIB (BRD:BRD-K50168500-001-07-9),CANERTINIB,5,5,0.8212459257585515,0.9505704186043828,-0.12932449284583136,0.015873015873015872,Sí,0.38228905597326646
CYT-997 (BRD:BRD-K23363278-001-02-1),CYT-997,4,5,0.6553644047785105,0.536603017586546,0.1187613871919645,0.015873015873015872,Sí,0.38228905597326646
DINACICLIB (BRD:BRD-K13662825-001-07-5),DINACICLIB,4,5,0.781549987843766,0.554394719775519,0.22715526806824693,0.015873015873015872,Sí,0.38228905597326646
GEFITINIB (BRD:BRD-K64052750-001-22-5),GEFITINIB,5,4,0.6751559262881893,0.9187664431011355,-0.2436105168129462,0.015873015873015872,Sí,0.38228905597326646
GENZ-644282 (BRD:BRD-K99475619-001-01-2),GENZ-644282,5,4,0.441138663779056,0.2797689525390915,0.16136971123996446,0.015873015873015872,Sí,0.38228905597326646
A-674563 (BRD:BRD-K78177893-001-02-4),A-674563,4,4,0.8241340885046584,0.746146270454753,0.0779878180499054,0.02857142857142857,Sí,0.38228905597326646
CLONAZEPAM (BRD:BRD-K38183498-001-02-0),CLONAZEPAM,4,4,0.763486201838626,0.6401653208665725,0.12332088097205351,0.02857142857142857,Sí,0.38228905597326646
DCEBIO (BRD:BRD-K89299012-001-06-0),DCEBIO,4,4,0.884385600393041,0.79070284539438,0.09368275499866108,0.02857142857142857,Sí,0.38228905597326646
DICLAZURIL (BRD:BRD-A06426627-001-03-5),DICLAZURIL,4,4,0.865276335393425,0.7863983975753774,0.07887793781804753,0.02857142857142857,Sí,0.38228905597326646
EMBELIC ACID (BRD:BRD-K86727142-001-12-4),EMBELIC ACID,4,4,0.9450671917047965,0.905554845326149,0.03951234637864742,0.02857142857142857,Sí,0.38228905597326646
EMETINE (BRD:BRD-A25687296-300-04-3),EMETINE,4,4,0.722438946335915,0.5663975671730546,0.15604137916286043,0.02857142857142857,Sí,0.38228905597326646
GEMCITABINE (BRD:BRD-K15108141-001-06-6),GEMCITABINE,4,4,0.5082607348699275,0.202655840049217,0.3056048948207105,0.02857142857142857,Sí,0.38228905597326646
NMS-1286937 (BRD:BRD-K83699324-001-01-1),NMS-1286937,4,4,0.6275515518637085,0.5245158745592959,0.10303567730441254,0.02857142857142857,Sí,0.38228905597326646
NSC-3852 (BRD:BRD-K13169950-001-14-4),NSC-3852,4,4,0.9333886922732919,0.839305033546235,0.09408365872705693,0.02857142857142857,Sí,0.38228905597326646
AZD8931 (BRD:BRD-K98572433-001-02-9),AZD8931,5,4,0.6579763598081838,0.9050757428214717,-0.24709938301328793,0.031746031746031744,Sí,0.38228905597326646
CLOFARABINE (BRD:BRD-K34022604-001-06-6),CLOFARABINE,4,5,0.8214678863168605,0.68371657072925,0.13775131558761056,0.031746031746031744,Sí,0.38228905597326646
CRENOLANIB (BRD:BRD-K22127577-001-03-7),CRENOLANIB,5,5,0.823307847254675,0.69416512947516,0.12914271777951503,0.031746031746031744,Sí,0.38228905597326646
DANUSERTIB (BRD:BRD-K07881437-001-04-6),DANUSERTIB,5,4,0.769277108195846,0.394844315614417,0.37443279258142903,0.031746031746031744,Sí,0.38228905597326646
FLOXURIDINE (BRD:BRD-K47832606-001-30-1),FLOXURIDINE,5,4,0.769721495140663,0.6458008180850755,0.12392067705558751,0.031746031746031744,Sí,0.38228905597326646
GW-843682X (BRD:BRD-K90382497-001-10-7),GW-843682X,4,5,0.7871989920047845,0.718886004476273,0.06831298752851145,0.031746031746031744,Sí,0.38228905597326646
NERATINIB (BRD:BRD-K85606544-001-09-1),NERATINIB,5,5,0.6875432292406777,0.9327450620755304,-0.24520183283485275,0.031746031746031744,Sí,0.38228905597326646
NMS-E973 (BRD:BRD-K58770988-001-01-8),NMS-E973,5,4,0.706496440982181,0.581233467085293,0.125262973896888,0.031746031746031744,Sí,0.38228905597326646
PACRITINIB (BRD:BRD-K19034817-001-01-4),PACRITINIB,5,4,0.901525973022079,0.86107245284161,0.040453520180468994,0.031746031746031744,Sí,0.38228905597326646
RALTITREXED (BRD:BRD-K89839824-001-05-3),RALTITREXED,5,5,0.661146030816401,0.53745474719539,0.123691283621011,0.031746031746031744,Sí,0.38228905597326646
VERUBULIN (BRD:BRD-K42673188-001-01-1),VERUBULIN,4,5,0.578130457995207,0.281035019342229,0.297095438652978,0.031746031746031744,Sí,0.38228905597326646
VINFLUNINE (BRD:BRD-K64120610-001-01-4),VINFLUNINE,5,5,0.878981810962553,0.546445708489661,0.332536102472892,0.031746031746031744,Sí,0.38228905597326646
WP1130 (BRD:BRD-K43644456-001-04-0),WP1130,5,5,0.796624469247416,0.698229436110131,0.09839503313728504,0.031746031746031744,Sí,0.38228905597326646
AZ-10353926 (BRD:BRD-K19540840-001-09-4),AZ-10353926,3,5,0.828852780448847,0.9002252178543025,-0.07137243740545551,0.03571428571428571,Sí,0.38228905597326646
SN38 (BRD:BRD-K89561498-001-01-7),SN38,5,3,0.501360615378125,0.169698476465036,0.33166213891308904,0.03571428571428571,Sí,0.38228905597326646
TIVANTINIB (BRD:BRD-K33379087-001-07-5),TIVANTINIB,3,5,0.9664301581172592,0.812899038901454,0.1535311192158052,0.03571428571428571,Sí,0.38228905597326646
TRIAPINE (BRD:BRD-K01669786-001-02-2),TRIAPINE,3,5,0.867464828757633,0.800624954759516,0.06683987399811697,0.03571428571428571,Sí,0.38228905597326646
CABAZITAXEL (BRD:BRD-K06858286-001-01-3),CABAZITAXEL,5,5,0.502675031021815,0.335904899761882,0.166770131259933,0.05555555555555555,Sí,0.38228905597326646
DACOMITINIB (BRD:BRD-K57169635-001-04-5),DACOMITINIB,5,5,0.6898761733636252,0.8240575019647307,-0.13418132860110554,0.05555555555555555,Sí,0.38228905597326646
PD-168393 (BRD:BRD-K17702546-001-03-2),PD-168393,5,5,0.692022417998771,0.845949738432355,-0.15392732043358404,0.05555555555555555,Sí,0.38228905597326646
PHA-767491 (BRD:BRD-K50000283-001-04-4),PHA-767491,5,5,0.901860902244737,0.860359604598509,0.04150129764622801,0.05555555555555555,Sí,0.38228905597326646
PIRENPERONE (BRD:BRD-K25224017-001-25-0),PIRENPERONE,5,5,0.778668786302717,0.729748864624165,0.04891992167855197,0.05555555555555555,Sí,0.38228905597326646
PODOPHYLLOTOXIN (BRD:BRD-K47869605-001-32-0),PODOPHYLLOTOXIN,5,5,0.618436485529126,0.458305319436066,0.16013116609306,0.05555555555555555,Sí,0.38228905597326646
TAK-901 (BRD:BRD-K01683783-001-02-6),TAK-901,5,5,0.885967659000781,0.722483970096204,0.16348368890457698,0.05555555555555555,Sí,0.38228905597326646
A-154475 (BRD:BRD-A27376179-001-01-3),A-154475,3,4,0.804503013831474,0.6908143080838035,0.11368870574767054,0.05714285714285714,Sí,0.38228905597326646
ABT-751 (BRD:BRD-K91623615-001-05-0),ABT-751,4,4,0.7736090035911355,0.583575401788204,0.1900336018029315,0.05714285714285714,Sí,0.38228905597326646
AMSACRINE (BRD:BRD-K68346641-001-01-4),AMSACRINE,4,3,0.7915373791845326,0.634424321255811,0.15711305792872154,0.05714285714285714,Sí,0.38228905597326646
AT-9283 (BRD:BRD-K24576554-001-04-8),AT-9283,3,4,0.901151621587262,0.7546421908769105,0.1465094307103515,0.05714285714285714,Sí,0.38228905597326646
BX-912 (BRD:BRD-K49669041-001-08-4),BX-912,3,4,0.933344006007419,0.743173551121023,0.19017045488639595,0.05714285714285714,Sí,0.38228905597326646
CRIZOTINIB-(S) (BRD:BRD-K40308497-001-01-2),CRIZOTINIB-(S),4,4,0.8798262562451744,0.839147880203666,0.04067837604150837,0.05714285714285714,Sí,0.38228905597326646
DAPIVIRINE (BRD:BRD-K12885236-001-02-7),DAPIVIRINE,4,3,0.8873622011480995,0.758176256681432,0.12918594446666753,0.05714285714285714,Sí,0.38228905597326646
ENDO-IWR-1 (BRD:BRD-K61314889-001-04-4),ENDO-IWR-1,4,3,0.8743039263947675,0.833842934767401,0.040460991627366494,0.05714285714285714,Sí,0.38228905597326646
HA14-1 (BRD:BRD-K18163608-001-05-6),HA14-1,4,4,0.9303178115897559,0.8676770379130395,0.06264077367671639,0.05714285714285714,Sí,0.38228905597326646
JNJ-7706621 (BRD:BRD-K11636097-001-03-1),JNJ-7706621,4,4,0.912431699207512,0.849875911451867,0.06255578775564496,0.05714285714285714,Sí,0.38228905597326646
K-858 (BRD:BRD-A67748489-001-10-0),K-858,3,4,0.808680612376926,0.712460926170229,0.09621968620669696,0.05714285714285714,Sí,0.38228905597326646
LY2334737 (BRD:BRD-K04993719-001-01-7),LY2334737,4,4,0.8438329010789195,0.8208304175700536,0.023002483508865912,0.05714285714285714,Sí,0.38228905597326646
MPI-0479605 (BRD:BRD-K45551181-001-02-1),MPI-0479605,3,4,0.774483724840017,0.5657317915805296,0.2087519332594875,0.05714285714285714,Sí,0.38228905597326646
OSIMERTINIB (BRD:BRD-K42805893-001-04-9),OSIMERTINIB,4,4,0.6791938456654438,0.9244276715179596,-0.24523382585251574,0.05714285714285714,Sí,0.38228905597326646
PF-03758309 (BRD:BRD-K37764012-001-04-1),PF-03758309,3,4,0.604099389543367,0.414790641598931,0.18930874794443597,0.05714285714285714,Sí,0.38228905597326646
SANGIVAMYCIN (BRD:BRD-A64064900-001-02-3),SANGIVAMYCIN,3,4,0.032114079194371,0.0101880955334512,0.0219259836609198,0.05714285714285714,Sí,0.38228905597326646
SPIRADOLINE (BRD:BRD-K28192623-066-08-1),SPIRADOLINE,4,3,0.8763139950728035,0.738682049003092,0.13763194606971152,0.05714285714285714,Sí,0.38228905597326646
TANAPROGET (BRD:BRD-K99604664-001-01-1),TANAPROGET,4,4,0.9223073190359334,0.801059627453832,0.12124769158210147,0.05714285714285714,Sí,0.38228905597326646
THONZONIUM (BRD:BRD-K13387373-004-14-5),THONZONIUM,4,4,0.8660144615252225,0.8112856370495525,0.05472882447567007,0.05714285714285714,Sí,0.38228905597326646
TIPIFARNIB (BRD:BRD-K62965247-001-04-9),TIPIFARNIB,4,3,0.8618159706591051,0.662278042252559,0.19953792840654605,0.05714285714285714,Sí,0.38228905597326646
VX-765 (BRD:BRD-K26712974-001-01-5),VX-765,3,4,0.987702524614251,0.858499545731952,0.12920297888229904,0.05714285714285714,Sí,0.38228905597326646
ZM 447439 (BRD:BRD-K72703948-001-10-1),ZM 447439,3,4,0.891873532475712,0.8208162182241555,0.07105731425155648,0.05714285714285714,Sí,0.38228905597326646
9-AMINOACRIDINE (BRD:BRD-K00535541-001-06-3),9-AMINOACRIDINE,5,4,0.854149156823581,0.835882269406738,0.018266887416842903,0.06349206349206349,Sí,0.38228905597326646
AURORA-A-INHIBITOR-I (BRD:BRD-K53561341-001-07-5),AURORA-A-INHIBITOR-I,4,5,0.896596604906285,0.870242497339387,0.026354107566898044,0.06349206349206349,Sí,0.38228905597326646
BARDOXOLONE-METHYL (BRD:BRD-K69694239-001-02-2),BARDOXOLONE-METHYL,4,5,0.884289586908812,0.6834669301891576,0.20082265671965438,0.06349206349206349,Sí,0.38228905597326646
BI-2536 (BRD:BRD-K64890080-001-13-8),BI-2536,4,5,0.6625063930765129,0.4713849419544,0.19112145112211293,0.06349206349206349,Sí,0.38228905597326646
BORTEZOMIB (BRD:BRD-K88510285-001-17-8),BORTEZOMIB,4,5,0.8343787256863757,0.5972467476146853,0.2371319780716904,0.06349206349206349,Sí,0.38228905597326646
CARFILZOMIB (BRD:BRD-K15179879-001-03-2),CARFILZOMIB,4,5,0.6894507412337432,0.442249221396922,0.24720151983682115,0.06349206349206349,Sí,0.38228905597326646
COMBRETASTATIN-A-4 (BRD:BRD-K61195623-001-01-4),COMBRETASTATIN-A-4,4,5,0.6845338257894225,0.481285636195958,0.20324818959346447,0.06349206349206349,Sí,0.38228905597326646
GENIPIN (BRD:BRD-K28824103-001-02-8),GENIPIN,4,5,0.9368982587066506,0.797229072999745,0.13966918570690556,0.06349206349206349,Sí,0.38228905597326646
HEXAMINOLEVULINATE (BRD:BRD-K73753850-003-01-6),HEXAMINOLEVULINATE,4,5,0.954546640461607,0.897865273093996,0.05668136736761098,0.06349206349206349,Sí,0.38228905597326646
IXABEPILONE (BRD:BRD-K03601870-001-01-2),IXABEPILONE,5,4,0.711281824028335,0.6121572380003795,0.09912458602795549,0.06349206349206349,Sí,0.38228905597326646
LY2874455 (BRD:BRD-K17203476-001-01-9),LY2874455,5,4,0.84797970134637,0.6550536444527545,0.19292605689361553,0.06349206349206349,Sí,0.38228905597326646
METHIAZOLE (BRD:BRD-K02764365-001-13-6),METHIAZOLE,4,5,0.8858072618405145,0.821789506405663,0.06401775543485155,0.06349206349206349,Sí,0.38228905597326646
MK 2206 (BRD:BRD-K68065987-300-09-1),MK 2206,4,5,0.726530957781075,0.841269440478151,-0.11473848269707598,0.06349206349206349,Sí,0.38228905597326646
ORIDONIN (BRD:BRD-K23925186-001-02-8),ORIDONIN,4,5,0.9524666294265115,0.826433298120337,0.12603333130617456,0.06349206349206349,Sí,0.38228905597326646
PERUVOSIDE (BRD:BRD-A72716251-001-01-5),PERUVOSIDE,5,4,0.636567084411532,0.5529684491660485,0.0835986352454835,0.06349206349206349,Sí,0.38228905597326646
SELINEXOR (BRD:BRD-K21361524-001-01-1),SELINEXOR,4,5,0.6057468967724705,0.523277949546691,0.08246894722577947,0.06349206349206349,Sí,0.38228905597326646
SNX 2112 (BRD:BRD-K71281111-001-04-3),SNX 2112,5,4,0.505839707010125,0.42600093675239303,0.079838770257732,0.06349206349206349,Sí,0.38228905597326646
TASELISIB (BRD:BRD-K44844162-001-01-6),TASELISIB,5,4,0.699177234847594,0.84208654449127,-0.14290930964367599,0.06349206349206349,Sí,0.38228905597326646
TRIPTOLIDE (BRD:BRD-K39484304-001-16-5),TRIPTOLIDE,5,4,0.3209062551448,0.0462173268722442,0.27468892827255575,0.06349206349206349,Sí,0.38228905597326646
VALRUBICIN (BRD:BRD-K72951360-001-01-4),VALRUBICIN,5,4,0.753330420795353,0.653318390801982,0.100012029993371,0.06349206349206349,Sí,0.38228905597326646
VINCRISTINE (BRD:BRD-K12251893-065-04-7),VINCRISTINE,4,5,0.6131438400857194,0.213902227713162,0.3992416123725574,0.06349206349206349,Sí,0.38228905597326646
WAY-600 (BRD:BRD-K85920262-001-02-1),WAY-600,5,4,0.793864904928453,0.8660616186378496,-0.07219671370939662,0.06349206349206349,Sí,0.38228905597326646
OXIPEROMIDE (BRD:BRD-K78096648-001-05-7),OXIPEROMIDE,5,3,0.93818965428251,0.839319812646402,0.09886984163610801,0.07142857142857142,Sí,0.42120765832106033
SPERMIDINE (BRD:BRD-K40438880-305-06-6),SPERMIDINE,3,5,0.819458307722705,0.964503599919343,-0.14504529219663798,0.07142857142857142,Sí,0.42120765832106033
ARRY-334543 (BRD:BRD-K46386702-001-02-1),ARRY-334543,5,5,0.7873768277131858,0.91098027333841,-0.12360344562522418,0.09523809523809523,Sí,0.42448979591836733
BERZOSERTIB (BRD:BRD-K04701033-001-03-9),BERZOSERTIB,5,5,0.684651407389368,0.544677817601152,0.13997358978821606,0.09523809523809523,Sí,0.42448979591836733
CUDC-907 (BRD:BRD-K77638923-001-02-0),CUDC-907,5,5,0.487184123520068,0.426816201567535,0.06036792195253299,0.09523809523809523,Sí,0.42448979591836733
FLUVASTATIN (BRD:BRD-K66296774-236-11-3),FLUVASTATIN,5,5,0.87080430040993,0.763689898764151,0.1071144016457789,0.09523809523809523,Sí,0.42448979591836733
LY2784544 (BRD:BRD-K25630527-001-03-8),LY2784544,5,5,0.88233346727984,0.735484940995058,0.14684852628478196,0.09523809523809523,Sí,0.42448979591836733
OTS167 (BRD:BRD-K53417444-003-03-1),OTS167,5,5,0.552594813824468,0.344760020210571,0.20783479361389695,0.09523809523809523,Sí,0.42448979591836733
TUCATINIB (BRD:BRD-K26026438-001-01-0),TUCATINIB,5,5,0.6912884420880188,0.906733126252985,-0.2154446841649662,0.09523809523809523,Sí,0.42448979591836733
CH5132799 (BRD:BRD-K28352084-001-02-3),CH5132799,3,3,0.77563650641483,0.844102125857362,-0.06846561944253204,0.1,Sí,0.42448979591836733
DARIFENACIN (BRD:BRD-K95773607-004-03-8),DARIFENACIN,3,3,0.872958097523862,0.911773772502339,-0.038815674978477044,0.1,Sí,0.42448979591836733
LUCITANIB (BRD:BRD-K31309378-001-01-5),LUCITANIB,3,3,0.891299139649947,0.921551970580788,-0.030252830930840968,0.1,Sí,0.42448979591836733
MAYTANSINOL-ISOBUTYRATE (BRD:BRD-K15898725-001-01-7),MAYTANSINOL-ISOBUTYRATE,3,3,0.417640650939626,0.104649965543965,0.312990685395661,0.1,Sí,0.42448979591836733
POZIOTINIB (BRD:BRD-K50010139-001-01-5),POZIOTINIB,3,3,0.3462074136206009,0.9328161423435136,-0.5866087287229127,0.1,Sí,0.42448979591836733
PPT (BRD:BRD-K00312224-001-09-5),PPT,3,3,0.943847783269078,0.883656467629303,0.06019131563977498,0.1,Sí,0.42448979591836733
SATRAPLATIN (BRD:BRD-K42497885-001-01-1),SATRAPLATIN,3,3,0.924330490678627,0.847760918693244,0.07656957198538306,0.1,Sí,0.42448979591836733
10-DEACETYLBACCATIN (BRD:BRD-K96631475-001-02-4),10-DEACETYLBACCATIN,5,4,0.886749863282282,0.8053395987739835,0.08141026450829847,0.1111111111111111,Sí,0.42448979591836733
AK-55409 (BRD:BRD-K58772419-001-07-0),AK-55409,4,5,0.834145604848161,0.753335930912015,0.08080967393614602,0.1111111111111111,Sí,0.42448979591836733
AV-412 (BRD:BRD-K23190681-001-01-1),AV-412,5,4,0.895715650364685,0.835981171935742,0.05973447842894308,0.1111111111111111,Sí,0.42448979591836733
AZD7762 (BRD:BRD-K86525559-001-07-8),AZD7762,5,4,0.70510324726337,0.5448740142648605,0.16022923299850955,0.1111111111111111,Sí,0.42448979591836733
BNTX (BRD:BRD-A55484088-050-02-5),BNTX,5,4,0.942055949852863,0.8562129400926111,0.08584300976025194,0.1111111111111111,Sí,0.42448979591836733
CCT137690 (BRD:BRD-K03289018-001-02-7),CCT137690,4,5,0.8261623940060455,0.766198567959092,0.059963826046953494,0.1111111111111111,Sí,0.42448979591836733
DAUNORUBICIN (BRD:BRD-K43389675-001-02-1),DAUNORUBICIN,5,4,0.8467139641436761,0.7610686208421683,0.08564534330150775,0.1111111111111111,Sí,0.42448979591836733
DOXORUBICIN (BRD:BRD-K92093830-003-30-8),DOXORUBICIN,5,4,0.622687177938792,0.556735281981418,0.06595189595737405,0.1111111111111111,Sí,0.42448979591836733
IXAZOMIB-CITRATE (BRD:BRD-A66419424-001-02-4),IXAZOMIB-CITRATE,5,4,0.786264605684771,0.6848543760768651,0.10141022960790591,0.1111111111111111,Sí,0.42448979591836733
LLL CPD (BRD:BRD-K60230970-001-17-5),LLL CPD,5,4,0.550132236304948,0.508714416486028,0.04141781981892001,0.1111111111111111,Sí,0.42448979591836733
NSC-663284 (BRD:BRD-K03109492-001-02-2),NSC-663284,4,5,0.9485507574823424,0.890402509937663,0.0581482475446794,0.1111111111111111,Sí,0.42448979591836733
PIDNARULEX (BRD:BRD-K12787259-001-04-3),PIDNARULEX,5,4,0.819837309457967,0.733435621086163,0.08640168837180395,0.1111111111111111,Sí,0.42448979591836733
TEROXIRONE (BRD:BRD-A39935389-001-05-9),TEROXIRONE,4,5,0.821463163115016,0.719336038028659,0.10212712508635702,0.1111111111111111,Sí,0.42448979591836733
UNC0631 (BRD:BRD-K13060017-001-01-3),UNC0631,4,5,0.9617205533651041,0.897646501225521,0.06407405213958306,0.1111111111111111,Sí,0.42448979591836733
VANDETANIB (BRD:BRD-K77625799-001-07-7),VANDETANIB,5,4,0.8710481665112173,0.9484389158304679,-0.0773907493192506,0.1111111111111111,Sí,0.42448979591836733
(+)-CAMPTOTHECIN (BRD:BRD-K37890730-001-15-1),(+)-CAMPTOTHECIN,4,3,0.6129008768708155,0.28389512191629,0.3290057549545255,0.11428571428571428,Sí,0.42448979591836733
AFURESERTIB (BRD:BRD-K25412176-001-01-9),AFURESERTIB,4,4,0.7441727139258195,0.8283055254969991,-0.08413281157117958,0.11428571428571428,Sí,0.42448979591836733
ANGUIDINE (BRD:BRD-K45724504-001-01-6),ANGUIDINE,4,4,0.7212635235594115,0.5903855324024145,0.13087799115699694,0.11428571428571428,Sí,0.42448979591836733
AR-12 (BRD:BRD-K90497590-001-04-2),AR-12,4,4,0.901654634749476,0.7655344230723624,0.13612021167711363,0.11428571428571428,Sí,0.42448979591836733
BENZOYLSTAUROSPORINE (BRD:BRD-K13646352-001-03-8),BENZOYLSTAUROSPORINE,4,4,0.8307915961765795,0.669019822936811,0.16177177323976855,0.11428571428571428,Sí,0.42448979591836733
BMS-387032 (BRD:BRD-K43389698-001-09-9),BMS-387032,4,4,0.6920393589205784,0.535062691276408,0.1569766676441704,0.11428571428571428,Sí,0.42448979591836733
BRILLIANT-GREEN (BRD:BRD-K60348325-065-09-9),BRILLIANT-GREEN,4,4,0.6284383642451674,0.5443141347663485,0.08412422947881892,0.11428571428571428,Sí,0.42448979591836733
CYCLOCYTIDINE (BRD:BRD-K67536197-003-11-4),CYCLOCYTIDINE,4,4,0.79952496736198,0.7157753416102746,0.08374962575170541,0.11428571428571428,Sí,0.42448979591836733
DEXRAZOXANE (BRD:BRD-K07265709-003-05-6),DEXRAZOXANE,3,4,0.883496072194134,0.7883224638598675,0.09517360833426647,0.11428571428571428,Sí,0.42448979591836733
DOMIPHEN (BRD:BRD-K30431096-004-01-3),DOMIPHEN,3,4,0.905912449711381,0.8606608598796559,0.04525158983172506,0.11428571428571428,Sí,0.42448979591836733
DRONEDARONE (BRD:BRD-K05524748-003-04-4),DRONEDARONE,3,4,0.846256797013009,0.875868974326449,-0.029612177313439902,0.11428571428571428,Sí,0.42448979591836733
EPOTHILONE-D (BRD:BRD-K52762805-001-01-2),EPOTHILONE-D,4,4,0.40976855549644353,0.08156790937308755,0.328200646123356,0.11428571428571428,Sí,0.42448979591836733
HALOFUGINONE (BRD:BRD-K54247840-004-01-3),HALOFUGINONE,4,4,0.7010540687203359,0.5826192910396225,0.11843477768071342,0.11428571428571428,Sí,0.42448979591836733
ICG-001 (BRD:BRD-K94455792-001-01-8),ICG-001,3,4,0.949789235309131,0.8385033988831445,0.11128583642598644,0.11428571428571428,Sí,0.42448979591836733
IDARUBICIN (BRD:BRD-K69650333-003-14-0),IDARUBICIN,4,3,0.7152506650349926,0.55700228507418,0.15824837996081254,0.11428571428571428,Sí,0.42448979591836733
KX2-391 (BRD:BRD-K29968218-001-03-2),KX2-391,4,4,0.6597578369873195,0.5415175029247026,0.11824033406261691,0.11428571428571428,Sí,0.42448979591836733
OLAPARIB (BRD:BRD-K02113016-001-19-6),OLAPARIB,3,4,0.9477736308799644,0.8336104713113958,0.1141631595685686,0.11428571428571428,Sí,0.42448979591836733
OUABAIN (BRD:BRD-K33277808-331-01-3),OUABAIN,4,4,0.5573573507070035,0.503743080501833,0.05361427020517051,0.11428571428571428,Sí,0.42448979591836733
PF-04691502 (BRD:BRD-K07310275-001-02-5),PF-04691502,4,4,0.691700523967442,0.67201502764911,0.01968549631833194,0.11428571428571428,Sí,0.42448979591836733
PF-477736 (BRD:BRD-K03063480-001-06-6),PF-477736,4,4,0.864203295677032,0.5933876955653501,0.27081560011168193,0.11428571428571428,Sí,0.42448979591836733
PHA-680632 (BRD:BRD-K09443272-001-03-3),PHA-680632,4,4,0.863274578326786,0.7999010859416635,0.06337349238512247,0.11428571428571428,Sí,0.42448979591836733
SALINOMYCIN (BRD:BRD-A28301258-001-03-0),SALINOMYCIN,3,4,0.871886900594688,0.7951506850343935,0.07673621556029453,0.11428571428571428,Sí,0.42448979591836733
SPIRONOLACTONE (BRD:BRD-K90027355-001-13-3),SPIRONOLACTONE,4,4,0.83425343423875,0.80559695202089,0.02865648221785999,0.11428571428571428,Sí,0.42448979591836733
TETRANDRINE (BRD:BRD-K08078237-001-19-8),TETRANDRINE,4,4,0.9321497673153515,0.8541954071812741,0.07795436013407742,0.11428571428571428,Sí,0.42448979591836733
U-0126 (BRD:BRD-K18787491-001-08-6),U-0126,4,4,0.9623716766809736,0.8664813942581184,0.09589028242285513,0.11428571428571428,Sí,0.42448979591836733
VLX-600 (BRD:BRD-K89053832-001-01-0),VLX-600,4,4,0.827245498452311,0.73049469493783,0.09675080351448095,0.11428571428571428,Sí,0.42448979591836733
WZ8040 (BRD:BRD-K81728688-001-04-4),WZ8040,4,4,0.8412554945657945,0.9207083713613584,-0.0794528767955639,0.11428571428571428,Sí,0.42448979591836733
ZK-811752 (BRD:BRD-K91825936-001-01-2),ZK-811752,4,4,0.877868592441009,0.836347901181465,0.04152069125954405,0.11428571428571428,Sí,0.42448979591836733
TERIFLUNOMIDE (BRD:BRD-A42699921-001-03-6),TERIFLUNOMIDE,3,5,0.938869825610675,0.855677020567765,0.08319280504291005,0.14285714285714285,Sí,0.5271889400921659
CETRIMONIUM (BRD:BRD-K47079459-004-04-6),CETRIMONIUM,5,5,0.887132446954426,0.864950669012587,0.022181777941838954,0.15079365079365079,Sí,0.5291654494108482
DOLASTATIN-10 (BRD:BRD-K78567475-001-01-4),DOLASTATIN-10,5,5,0.274578843048274,0.0924247457825988,0.18215409726567522,0.15079365079365079,Sí,0.5291654494108482
ENTINOSTAT (BRD:BRD-K77908580-001-09-6),ENTINOSTAT,5,5,0.895028537845442,0.828733838910254,0.06629469893518802,0.15079365079365079,Sí,0.5291654494108482
EXELBINE (BRD:BRD-K69280563-001-01-8),EXELBINE,5,5,0.78662715980719,0.600253879615388,0.186373280191802,0.15079365079365079,Sí,0.5291654494108482
PCI-24781 (BRD:BRD-K12867552-001-04-7),PCI-24781,5,5,0.77289646890119,0.708838809624503,0.06405765927668705,0.15079365079365079,Sí,0.5291654494108482
PHENYLMERCURIC-ACETATE (BRD:BRD-K74193284-001-04-8),PHENYLMERCURIC-ACETATE,5,5,0.825033165005303,0.75679629234534,0.06823687265996303,0.15079365079365079,Sí,0.5291654494108482
SB-2343 (BRD:BRD-K98795921-001-01-7),SB-2343,5,5,0.676073970900704,0.74382061532736,-0.06774664442665601,0.15079365079365079,Sí,0.5291654494108482
XL-647 (BRD:BRD-K03765900-001-01-9),XL-647,5,5,0.7219965063494845,0.8824142365993136,-0.16041773024982908,0.15079365079365079,Sí,0.5291654494108482
ASYMMETRICAL-DIMETHYLARGININE (BRD:BRD-K36269323-300-02-6),ASYMMETRICAL-DIMETHYLARGININE,5,4,0.86696866398072,0.8258911656844845,0.041077498296235526,0.19047619047619047,Sí,0.5691542288557214
BI-78D3 (BRD:BRD-K73982490-001-02-9),BI-78D3,5,4,0.886942470391391,0.8313243080366175,0.05561816235477346,0.19047619047619047,Sí,0.5691542288557214
CCG-50014 (BRD:BRD-K08893438-001-04-9),CCG-50014,5,4,0.884561445440011,0.8166964186008006,0.06786502683921047,0.19047619047619047,Sí,0.5691542288557214
CHLORIDINE (BRD:BRD-K88429204-001-35-1),CHLORIDINE,5,4,0.870953888976901,0.9152229999004945,-0.044269110923593535,0.19047619047619047,Sí,0.5691542288557214
CHOLECALCIFEROL (BRD:BRD-K62779383-001-05-5),CHOLECALCIFEROL,4,5,0.879883948709878,0.838147155547526,0.041736793162352015,0.19047619047619047,Sí,0.5691542288557214
DACINOSTAT (BRD:BRD-K56957086-001-06-3),DACINOSTAT,5,4,0.590974286896577,0.54972845613166,0.04124583076491706,0.19047619047619047,Sí,0.5691542288557214
DIFLUPREDNATE (BRD:BRD-K33720171-001-01-0),DIFLUPREDNATE,4,5,0.8505397096729845,0.793886851465108,0.05665285820787658,0.19047619047619047,Sí,0.5691542288557214
GALETERONE (BRD:BRD-A07986123-001-02-8),GALETERONE,5,4,0.790973225058534,0.8248154991182325,-0.03384227405969853,0.19047619047619047,Sí,0.5691542288557214
GIVINOSTAT (BRD:BRD-K13810148-311-03-2),GIVINOSTAT,5,4,0.741723068259459,0.6464283361179519,0.09529473214150708,0.19047619047619047,Sí,0.5691542288557214
IKK-16 (BRD:BRD-K14618467-001-04-6),IKK-16,4,5,0.9169429322084115,0.958719582255376,-0.041776650046964514,0.19047619047619047,Sí,0.5691542288557214
JK-184 (BRD:BRD-K38860038-001-01-2),JK-184,5,4,0.673645300855512,0.579487914556201,0.09415738629931103,0.19047619047619047,Sí,0.5691542288557214
KPT-185 (BRD:BRD-K71467466-001-02-3),KPT-185,4,5,0.6960272816204225,0.580696801898283,0.1153304797221395,0.19047619047619047,Sí,0.5691542288557214
LENALIDOMIDE (BRD:BRD-A17883755-001-06-1),LENALIDOMIDE,4,5,0.9489722970483749,0.892271993871816,0.05670030317655894,0.19047619047619047,Sí,0.5691542288557214
PARBENDAZOLE (BRD:BRD-K02407574-001-09-7),PARBENDAZOLE,5,4,0.709267883217276,0.641521760780532,0.06774612243674394,0.19047619047619047,Sí,0.5691542288557214
PHA 793887 (BRD:BRD-K64800655-001-07-4),PHA 793887,4,5,0.8952612439103624,0.751553421164929,0.14370782274543348,0.19047619047619047,Sí,0.5691542288557214
PLX 4720 (BRD:BRD-K16478699-001-09-2),PLX 4720,4,5,0.886991821457509,0.844576998483287,0.042414822974221944,0.19047619047619047,Sí,0.5691542288557214
PR-619 (BRD:BRD-K54395039-001-01-7),PR-619,5,4,0.847217508784643,0.829980029500704,0.017237479283938928,0.19047619047619047,Sí,0.5691542288557214
PU-H71 (BRD:BRD-K36529613-001-02-6),PU-H71,5,4,0.752516279284335,0.6766688813012015,0.07584739798313345,0.19047619047619047,Sí,0.5691542288557214
PUROMYCIN (BRD:BRD-A28970875-300-04-9),PUROMYCIN,5,4,0.771845461240158,0.6846782741318005,0.08716718710835747,0.19047619047619047,Sí,0.5691542288557214
TOSEDOSTAT (BRD:BRD-K92241597-001-06-0),TOSEDOSTAT,4,5,0.6353692214899225,0.491966107653084,0.14340311383683846,0.19047619047619047,Sí,0.5691542288557214
TRANILAST (BRD:BRD-K17849083-001-32-9),TRANILAST,4,5,0.884850163842965,0.820163473767765,0.0646866900752,0.19047619047619047,Sí,0.5691542288557214
DICHLOROACETATE (BRD:BRD-M97302542-001-04-4),DICHLOROACETATE,3,3,0.9632875809886324,0.9255579871281284,0.03772959386050401,0.2,Sí,0.5691542288557214
GW-583340 (BRD:BRD-K79930101-300-03-7),GW-583340,4,4,0.8337780477079595,0.9174911858805085,-0.083713138172549,0.2,Sí,0.5691542288557214
HALOFANTRINE (BRD:BRD-A51964809-003-12-6),HALOFANTRINE,3,3,0.946369778082959,0.839069674799418,0.107300103283541,0.2,Sí,0.5691542288557214
HARRINGTONINE (BRD:BRD-K96358241-001-01-9),HARRINGTONINE,4,4,0.88343489737649,0.7680015450449805,0.11543335233150942,0.2,Sí,0.5691542288557214
INDIBULIN (BRD:BRD-K74057757-001-01-9),INDIBULIN,4,4,0.805232183134298,0.6559987770754335,0.14923340605886448,0.2,Sí,0.5691542288557214
KP-1212 (BRD:BRD-K46690591-001-01-2),KP-1212,4,4,0.9155719742911594,0.7465380820104195,0.16903389228073995,0.2,Sí,0.5691542288557214
MOMELOTINIB (BRD:BRD-K87737963-001-06-0),MOMELOTINIB,3,3,0.9326811343720076,0.8340788718018434,0.09860226257016425,0.2,Sí,0.5691542288557214
MUBRITINIB (BRD:BRD-K19061412-001-02-4),MUBRITINIB,4,4,0.6461509577043385,0.536516773602301,0.10963418410203751,0.2,Sí,0.5691542288557214
NSC-632839 (BRD:BRD-K81197548-003-01-4),NSC-632839,4,4,0.888833512757887,0.8537666864725479,0.03506682628533908,0.2,Sí,0.5691542288557214
POLYDATIN (BRD:BRD-K43236057-001-07-1),POLYDATIN,4,4,0.7880088254506905,0.8464865753801155,-0.058477749929425005,0.2,Sí,0.5691542288557214
PTEROSTILBENE (BRD:BRD-K53097745-001-01-5),PTEROSTILBENE,3,3,0.898528728672366,0.693968180481939,0.20456054819042702,0.2,Sí,0.5691542288557214
PYROXAMIDE (BRD:BRD-K11663430-001-02-3),PYROXAMIDE,3,3,0.929168852802629,0.831585648555174,0.09758320424745492,0.2,Sí,0.5691542288557214
R547 (BRD:BRD-K52233191-001-02-4),R547,4,4,0.7923873141470555,0.7177144111640366,0.07467290298301898,0.2,Sí,0.5691542288557214
SKF-96365 (BRD:BRD-A72703248-003-04-9),SKF-96365,4,4,0.8212306976066235,0.7933849131180855,0.027845784488538028,0.2,Sí,0.5691542288557214
THIOSTREPTON (BRD:BRD-K58049875-001-04-7),THIOSTREPTON,4,4,0.824706654762845,0.7876042786112465,0.037102376151598504,0.2,Sí,0.5691542288557214
WZ-3146 (BRD:BRD-K73293050-001-03-1),WZ-3146,4,4,0.842177447381261,0.792198853366628,0.049978594014633004,0.2,Sí,0.5691542288557214
YM 201636 (BRD:BRD-K48488978-001-05-3),YM 201636,3,3,0.947114731922182,0.899262890640726,0.04785184128145603,0.2,Sí,0.5691542288557214
ANISOMYCIN (BRD:BRD-K91370081-001-25-1),ANISOMYCIN,5,5,0.779473011055774,0.69239233804205,0.08708067301372402,0.2222222222222222,Sí,0.5889317889317889
BRUCEANTIN (BRD:BRD-A36057565-001-01-0),BRUCEANTIN,5,5,0.724405537789344,0.600392117912936,0.12401341987640802,0.2222222222222222,Sí,0.5889317889317889
CR8-(R) (BRD:BRD-K40331046-305-01-5),CR8-(R),5,5,0.692160932988103,0.586793285837666,0.105367647150437,0.2222222222222222,Sí,0.5889317889317889
EPOTHILONE-A (BRD:BRD-K71823332-001-03-7),EPOTHILONE-A,5,5,0.579392272535308,0.43736136300633,0.142030909528978,0.2222222222222222,Sí,0.5889317889317889
EPOTHILONE-B (BRD:BRD-K68164687-001-01-6),EPOTHILONE-B,5,5,0.38543520195372,0.262773043854361,0.12266215809935899,0.2222222222222222,Sí,0.5889317889317889
LDN-212854 (BRD:BRD-K59831625-001-01-6),LDN-212854,5,5,0.801060843188046,0.757464557352372,0.0435962858356741,0.2222222222222222,Sí,0.5889317889317889
MEXILETINE (BRD:BRD-A64092382-003-18-3),MEXILETINE,5,5,0.765844814219121,0.737302537712594,0.028542276506526965,0.2222222222222222,Sí,0.5889317889317889
PYRITHIONE-ZINC (BRD:BRD-K16136380-001-01-7),PYRITHIONE-ZINC,5,5,0.678350743803903,0.605031764815242,0.07331897898866102,0.2222222222222222,Sí,0.5889317889317889
RAPAMYCIN (BRD:BRD-K84937637-001-09-9),RAPAMYCIN,5,5,0.496787690664175,0.607361260990438,-0.11057357032626297,0.2222222222222222,Sí,0.5889317889317889
RYUVIDINE (BRD:BRD-K06426971-001-02-7),RYUVIDINE,5,5,0.856080592766053,0.82899399448347,0.027086598282582974,0.2222222222222222,Sí,0.5889317889317889
TORIN-1 (BRD:BRD-K40175214-001-11-6),TORIN-1,5,5,0.575784801737212,0.629873193387972,-0.05408839165075996,0.2222222222222222,Sí,0.5889317889317889
AT13387 (BRD:BRD-K58435339-001-03-0),AT13387,3,4,0.8928155981297391,0.6432032776489056,0.24961232048083348,0.22857142857142856,Sí,0.5889317889317889
CHIR-124 (BRD:BRD-K02241333-001-02-7),CHIR-124,3,4,0.803640459457538,0.7451370433431406,0.058503416114397466,0.22857142857142856,Sí,0.5889317889317889
DOLUTEGRAVIR (BRD:BRD-K36386086-001-01-1),DOLUTEGRAVIR,4,3,0.8486809171568435,0.896510501658927,-0.04782958450208352,0.22857142857142856,Sí,0.5889317889317889
EX-8678 (BRD:BRD-K07972848-001-02-0),EX-8678,3,4,0.459131547018241,0.5512947822060119,-0.09216323518777092,0.22857142857142856,Sí,0.5889317889317889
FDCYD (BRD:BRD-K18157228-001-01-7),FDCYD,3,4,0.773141054540985,0.711815451714369,0.06132560282661603,0.22857142857142856,Sí,0.5889317889317889
FENBENDAZOLE (BRD:BRD-K51318897-001-15-3),FENBENDAZOLE,4,3,0.7794868801699946,0.472654935882937,0.30683194428705757,0.22857142857142856,Sí,0.5889317889317889
LONAFARNIB (BRD:BRD-K41599323-001-02-3),LONAFARNIB,3,4,0.855959897058983,0.751668370899636,0.104291526159347,0.22857142857142856,Sí,0.5889317889317889
MITOXANTRONE (BRD:BRD-K21680192-300-14-4),MITOXANTRONE,4,3,0.536307407970614,0.435512570511376,0.10079483745923806,0.22857142857142856,Sí,0.5889317889317889
OCTENIDINE (BRD:BRD-K04568635-300-01-4),OCTENIDINE,4,3,0.8415521648948935,0.792919350711428,0.048632814183465434,0.22857142857142856,Sí,0.5889317889317889
XILOBAM (BRD:BRD-K79633074-001-01-8),XILOBAM,3,4,0.894467541799216,0.8496133154859105,0.04485422631330549,0.22857142857142856,Sí,0.5889317889317889
MONENSIN (BRD:BRD-A06627858-236-03-0),MONENSIN,3,5,0.848806560585744,0.790276361922611,0.058530198663133026,0.25,Sí,0.6327433628318584
MOZAVAPTAN (BRD:BRD-A31095847-001-02-3),MOZAVAPTAN,3,5,0.906498254277413,0.957326979933925,-0.050828725656511975,0.25,Sí,0.6327433628318584
P5091 (BRD:BRD-K13606314-001-01-3),P5091,3,5,0.868212011270584,0.888140910952319,-0.019928899681734946,0.25,Sí,0.6327433628318584
PFI-1 (BRD:BRD-K13094524-001-07-5),PFI-1,3,5,0.758546255735922,0.826721219817033,-0.0681749640811109,0.25,Sí,0.6327433628318584
BIBR-1532 (BRD:BRD-K04623885-001-07-5),BIBR-1532,4,5,0.872494703726215,0.834707186444321,0.037787517281894,0.2857142857142857,Sí,0.6838015540944411
BIX-01294 (BRD:BRD-K26818574-305-04-3),BIX-01294,5,4,0.902975817367606,0.8790024883396005,0.02397332902800553,0.2857142857142857,Sí,0.6838015540944411
BKM120 (BRD:BRD-K42191735-001-05-3),BKM120,5,4,0.846279080927374,0.7944785598151289,0.05180052111224509,0.2857142857142857,Sí,0.6838015540944411
"CP-945,598 (BRD:BRD-K09090949-001-01-9)","CP-945,598",4,5,0.8844493070489534,0.872519985975345,0.011929321073608445,0.2857142857142857,Sí,0.6838015540944411
CYTOCHALASIN-B (BRD:BRD-K47000838-001-01-6),CYTOCHALASIN-B,4,5,0.8750915003682449,0.816393590768327,0.05869790959991794,0.2857142857142857,Sí,0.6838015540944411
ELOXATIN (BRD:BRD-K78960041-001-05-7),ELOXATIN,4,5,0.895708730777239,0.800239690612781,0.09546904016445801,0.2857142857142857,Sí,0.6838015540944411
FRENTIZOLE (BRD:BRD-K07202345-001-19-4),FRENTIZOLE,4,5,0.7746333815124304,0.820385720146078,-0.04575233863364758,0.2857142857142857,Sí,0.6838015540944411
NMS-873 (BRD:BRD-K26253904-001-01-5),NMS-873,5,4,0.694134993268389,0.631705587094675,0.062429406173714064,0.2857142857142857,Sí,0.6838015540944411
PP242 (BRD:BRD-K87112191-001-04-5),PP242,5,4,0.776706008313852,0.826983198354053,-0.050277190040201036,0.2857142857142857,Sí,0.6838015540944411
STATTIC (BRD:BRD-K17061841-001-03-5),STATTIC,5,4,0.932352789839546,0.8680446095696335,0.06430818026991247,0.2857142857142857,Sí,0.6838015540944411
TENOVIN-6 (BRD:BRD-K13949769-001-01-7),TENOVIN-6,5,4,0.879167715104804,0.8658245586018765,0.0133431565029275,0.2857142857142857,Sí,0.6838015540944411
TOREMIFENE (BRD:BRD-K51350053-048-16-5),TOREMIFENE,4,5,0.932524450241391,0.905869408763809,0.02665504147758202,0.2857142857142857,Sí,0.6838015540944411
WAY-170523 (BRD:BRD-K36198571-001-02-0),WAY-170523,5,4,0.844423010386539,0.8802505434081616,-0.03582753302162256,0.2857142857142857,Sí,0.6838015540944411
AT-7519 (BRD:BRD-K13390322-001-06-3),AT-7519,5,5,0.806734871999732,0.7224846671147174,0.08425020488501467,0.30952380952380953,Sí,0.7081904761904761
DIOSCIN (BRD:BRD-K37723606-001-01-5),DIOSCIN,5,5,0.858108402774129,0.829146281218645,0.028962121555484055,0.30952380952380953,Sí,0.7081904761904761
DISULFIRAM (BRD:BRD-K32744045-001-31-2),DISULFIRAM,5,5,0.733396188744195,0.709893928053714,0.023502260690481003,0.30952380952380953,Sí,0.7081904761904761
JTC-801 (BRD:BRD-K17705806-003-04-4),JTC-801,5,5,0.854432679970731,0.860533919262665,-0.0061012392919339575,0.30952380952380953,Sí,0.7081904761904761
LY2090314 (BRD:BRD-K78055238-001-01-8),LY2090314,5,5,0.885886081471711,0.726821155553243,0.159064925918468,0.30952380952380953,Sí,0.7081904761904761
PF-05212384 (BRD:BRD-K07955840-001-02-3),PF-05212384,5,5,0.563653205928737,0.579785258821366,-0.01613205289262898,0.30952380952380953,Sí,0.7081904761904761
PLINABULIN (BRD:BRD-K99498722-001-02-6),PLINABULIN,5,5,0.530035527130966,0.484608191906359,0.04542733522460701,0.30952380952380953,Sí,0.7081904761904761
PP-121 (BRD:BRD-K81801188-001-02-8),PP-121,5,5,0.637887409405379,0.57379484376604,0.06409256563933907,0.30952380952380953,Sí,0.7081904761904761
SGI-1027 (BRD:BRD-K61228301-001-01-2),SGI-1027,5,5,0.836396388134065,0.814634209933041,0.021762178201023996,0.30952380952380953,Sí,0.7081904761904761
TG-02 (BRD:BRD-K14560436-001-01-4),TG-02,5,5,0.823399044312566,0.7827151001063,0.04068394420626609,0.30952380952380953,Sí,0.7081904761904761
WP1066 (BRD:BRD-K05445342-001-05-3),WP1066,5,5,0.756312445679561,0.774012108875336,-0.017699663195774984,0.30952380952380953,Sí,0.7081904761904761
ALEXIDINE (BRD:BRD-A27883417-300-01-6),ALEXIDINE,4,4,0.889511763572616,0.9115638951755001,-0.022052131602884106,0.34285714285714286,Sí,0.7268978084688055
AZ 960 (BRD:BRD-K64888243-001-03-7),AZ 960,4,4,0.840314527417742,0.799057454207469,0.041257073210273054,0.34285714285714286,Sí,0.7268978084688055
BERBERINE (BRD:BRD-K14796088-003-26-8),BERBERINE,4,4,0.772708537350256,0.72089901254467,0.05180952480558598,0.34285714285714286,Sí,0.7268978084688055
D-64131 (BRD:BRD-K26997899-001-02-2),D-64131,4,4,0.7280283158004766,0.6113398589550565,0.11668845684542006,0.34285714285714286,Sí,0.7268978084688055
DIPHENYLENEIODONIUM (BRD:BRD-K65814004-003-02-9),DIPHENYLENEIODONIUM,4,4,0.5623005310760965,0.479548061984731,0.08275246909136547,0.34285714285714286,Sí,0.7268978084688055
GOSSYPOL (BRD:BRD-K19295594-015-14-3),GOSSYPOL,4,4,0.7996359534642046,0.8308952749979595,-0.03125932153375488,0.34285714285714286,Sí,0.7268978084688055
LASALOCID (BRD:BRD-A72711497-236-03-8),LASALOCID,4,4,0.8300037860162015,0.8102199287804945,0.01978385723570697,0.34285714285714286,Sí,0.7268978084688055
MLN-8054 (BRD:BRD-K83963101-001-06-9),MLN-8054,4,4,0.769841860866707,0.631198113660319,0.13864374720638806,0.34285714285714286,Sí,0.7268978084688055
NOVOBIOCIN (BRD:BRD-K85307935-236-09-5),NOVOBIOCIN,4,4,0.937087660220717,0.902654359482111,0.034433300738605954,0.34285714285714286,Sí,0.7268978084688055
ONC201 (BRD:BRD-K58529924-001-01-5),ONC201,4,4,0.8187705782621308,0.9197051383591257,-0.10093456009699486,0.34285714285714286,Sí,0.7268978084688055
TANSHINONE-I (BRD:BRD-K34073885-001-09-3),TANSHINONE-I,4,4,0.897728041081771,0.876695874927323,0.021032166154447918,0.34285714285714286,Sí,0.7268978084688055
TETRAMETHYLTHIURAM-MONOSULFIDE (BRD:BRD-K36889451-001-01-1),TETRAMETHYLTHIURAM-MONOSULFIDE,4,4,0.8497493906047751,0.7849943819907259,0.06475500861404915,0.34285714285714286,Sí,0.7268978084688055
CGS-15943 (BRD:BRD-K49049886-001-08-7),CGS-15943,5,3,0.72483431370744,0.828181430635884,-0.103347116928444,0.39285714285714285,Sí,0.7268978084688055
GSK461364 (BRD:BRD-K92428232-001-10-6),GSK461364,3,5,0.699234766025426,0.579525914479185,0.119708851546241,0.39285714285714285,Sí,0.7268978084688055
LAPPACONITE (BRD:BRD-A05906449-004-01-1),LAPPACONITE,3,5,0.793258886874744,0.843782825668449,-0.05052393879370498,0.39285714285714285,Sí,0.7268978084688055
MK-5108 (BRD:BRD-K53665955-001-03-0),MK-5108,3,5,0.808116139593736,0.756480156183251,0.05163598341048492,0.39285714285714285,Sí,0.7268978084688055
NARASIN (BRD:BRD-A25608658-001-01-1),NARASIN,3,5,0.820740089391767,0.781677905970412,0.039062183421355035,0.39285714285714285,Sí,0.7268978084688055
SEVOFLURANE (BRD:BRD-K05638300-001-01-2),SEVOFLURANE,3,5,0.888772551683949,0.859542281741689,0.029230269942259968,0.39285714285714285,Sí,0.7268978084688055
VER-49009 (BRD:BRD-K38548312-001-01-0),VER-49009,3,5,0.846385325457754,0.816908913915949,0.029476411541805025,0.39285714285714285,Sí,0.7268978084688055
ACIPIMOX (BRD:BRD-K63736853-001-04-8),ACIPIMOX,3,3,0.929248192673469,0.890480220575073,0.038767972098396,0.4,Sí,0.7268978084688055
ALFACALCIDOL (BRD:BRD-K49522529-001-02-9),ALFACALCIDOL,3,3,0.808027921761117,0.921285752795211,-0.11325783103409393,0.4,Sí,0.7268978084688055
APHIDICOLIN (BRD:BRD-K85140930-001-12-7),APHIDICOLIN,3,4,0.798555263904307,0.7638450941788706,0.03471016972543639,0.4,Sí,0.7268978084688055
BARDOXOLONE (BRD:BRD-K20545304-001-01-6),BARDOXOLONE,4,3,0.8543465759536766,0.794273003111462,0.060073572842214595,0.4,Sí,0.7268978084688055
BELINOSTAT (BRD:BRD-K17743125-001-08-4),BELINOSTAT,3,3,0.8824069577278661,0.8526899576681913,0.029717000059674814,0.4,Sí,0.7268978084688055
BENZETHONIUM (BRD:BRD-K72723676-003-17-8),BENZETHONIUM,4,3,0.5247771072543425,0.742840067349181,-0.2180629600948385,0.4,Sí,0.7268978084688055
BITOPERTIN (BRD:BRD-K13756951-001-01-4),BITOPERTIN,3,3,0.917129570266648,0.95758586248772,-0.040456292221072054,0.4,Sí,0.7268978084688055
BVT-948 (BRD:BRD-K68567222-001-01-2),BVT-948,3,4,0.96519856526557,0.950121920218091,0.015076645047478965,0.4,Sí,0.7268978084688055
CIS-DDP (BRD:BRD-K69172251-001-08-9),CIS-DDP,3,4,0.934555616502763,0.9661097107288905,-0.03155409422612754,0.4,Sí,0.7268978084688055
CNX-774 (BRD:BRD-K48443249-001-01-0),CNX-774,3,3,0.884654373481167,0.89997474435016,-0.01532037086899296,0.4,Sí,0.7268978084688055
COLCHICINE (BRD:BRD-K00259736-001-16-4),COLCHICINE,3,4,0.511756842717522,0.47331544353315547,0.03844139918436651,0.4,Sí,0.7268978084688055
DECITABINE (BRD:BRD-K79254416-001-21-8),DECITABINE,3,4,0.9508938260956596,0.7938739866519122,0.15701983944374742,0.4,Sí,0.7268978084688055
ENMD-2076 (BRD:BRD-K68488863-001-04-9),ENMD-2076,3,3,0.921098302593459,0.881194615031166,0.03990368756229301,0.4,Sí,0.7268978084688055
ETHACRIDINE-LACTATE-MONOHYDRATE (BRD:BRD-K24715592-406-02-1),ETHACRIDINE-LACTATE-MONOHYDRATE,3,3,0.840241546477658,0.807204641891735,0.03303690458592301,0.4,Sí,0.7268978084688055
FLUMETHASONE (BRD:BRD-K61496577-001-20-2),FLUMETHASONE,3,3,0.961396175105014,0.837129747405944,0.12426642769906993,0.4,Sí,0.7268978084688055
GSK-1070916 (BRD:BRD-K36740062-001-06-6),GSK-1070916,3,4,0.867566684306556,0.6942606901243296,0.17330599418222647,0.4,Sí,0.7268978084688055
GSK923295 (BRD:BRD-K89015388-001-01-7),GSK923295,3,3,0.896685435570825,0.828215106410122,0.06847032916070306,0.4,Sí,0.7268978084688055
ISOPROPYL-MYRISTATE (BRD:BRD-K13409143-001-01-9),ISOPROPYL-MYRISTATE,3,4,0.925817918371313,0.887597223754271,0.03822069461704203,0.4,Sí,0.7268978084688055
JNJ-26854165 (BRD:BRD-K65924316-001-03-1),JNJ-26854165,3,3,0.865552173181733,0.831842964477607,0.03370920870412608,0.4,Sí,0.7268978084688055
LCL-161 (BRD:BRD-K08248804-001-01-8),LCL-161,3,4,0.823671024295898,0.8487827632728225,-0.025111738976924536,0.4,Sí,0.7268978084688055
MK-8745 (BRD:BRD-K25279140-001-01-5),MK-8745,3,4,0.867878261674072,0.7396705846024609,0.12820767707161107,0.4,Sí,0.7268978084688055
RIFAMPIN (BRD:BRD-K01507359-001-22-9),RIFAMPIN,3,4,0.94134674967924,0.90518733572188,0.03615941395736,0.4,Sí,0.7268978084688055
RITA (BRD:BRD-K00317371-001-06-1),RITA,3,4,0.766271117659985,0.8538251484557056,-0.08755403079572055,0.4,Sí,0.7268978084688055
SB-505124 (BRD:BRD-K40109029-001-02-9),SB-505124,3,4,0.893306556563459,0.91282547552129,-0.019518918957830977,0.4,Sí,0.7268978084688055
SERTINDOLE (BRD:BRD-K69116396-001-04-1),SERTINDOLE,3,3,0.924803536618372,0.914045108938432,0.010758427679939953,0.4,Sí,0.7268978084688055
TG-101209 (BRD:BRD-K39841531-001-02-1),TG-101209,3,3,0.947130144858016,0.862648824832287,0.08448132002572906,0.4,Sí,0.7268978084688055
THEOPHYLLINE (BRD:BRD-K97799481-001-16-0),THEOPHYLLINE,3,4,0.891701888935013,0.884231918154568,0.007469970780444979,0.4,Sí,0.7268978084688055
TRIFLURIDINE (BRD:BRD-K03243820-001-23-8),TRIFLURIDINE,3,4,0.871182551720275,0.776908298096491,0.09427425362378405,0.4,Sí,0.7268978084688055
Y-27632 (BRD:BRD-K44084986-300-08-4),Y-27632,3,4,0.888416232686072,0.8552481436484025,0.033168089037669435,0.4,Sí,0.7268978084688055
ZARDAVERINE (BRD:BRD-K37561857-001-15-5),ZARDAVERINE,3,4,0.887723223873559,0.8247249383640896,0.0629982855094694,0.4,Sí,0.7268978084688055
3-DEAZANEPLANOCIN-A (BRD:BRD-K77791657-003-01-7),3-DEAZANEPLANOCIN-A,4,5,0.8685602242291085,0.793046243430845,0.07551398079826355,0.4126984126984127,Sí,0.7268978084688055
AZD-8055 (BRD:BRD-K69932463-001-10-6),AZD-8055,5,4,0.621903264172496,0.6601167572348614,-0.03821349306236543,0.4126984126984127,Sí,0.7268978084688055
BARICITINIB (BRD:BRD-K53581288-001-02-9),BARICITINIB,4,5,0.9050898081094695,0.862837531028637,0.04225227708083246,0.4126984126984127,Sí,0.7268978084688055
ECHINOMYCIN (BRD:BRD-A68969091-001-12-7),ECHINOMYCIN,5,4,0.258198797950187,0.142304469767109,0.11589432818307802,0.4126984126984127,Sí,0.7268978084688055
EKB 569 (BRD:BRD-K08799216-001-05-3),EKB 569,5,4,0.7665448944711422,0.9360491252743357,-0.16950423080319355,0.4126984126984127,Sí,0.7268978084688055
KF-38789 (BRD:BRD-A54927599-001-16-9),KF-38789,4,5,0.7899371170136464,0.781328482726675,0.00860863428697145,0.4126984126984127,Sí,0.7268978084688055
LB42708 (BRD:BRD-K18834913-001-01-1),LB42708,4,5,0.803351502761455,0.687350113215617,0.11600138954583794,0.4126984126984127,Sí,0.7268978084688055
LDN-57444 (BRD:BRD-K94485812-001-02-9),LDN-57444,5,4,0.930076795566153,0.901520837321386,0.028555958244766977,0.4126984126984127,Sí,0.7268978084688055
LE-135 (BRD:BRD-K06593056-001-04-8),LE-135,4,5,0.910584717272409,0.857736073740913,0.05284864353149599,0.4126984126984127,Sí,0.7268978084688055
NICLOSAMIDE (BRD:BRD-K35960502-001-20-0),NICLOSAMIDE,4,5,0.8480556323295105,0.865363892275497,-0.017308259945986504,0.4126984126984127,Sí,0.7268978084688055
NOCODAZOLE (BRD:BRD-K12539581-001-23-7),NOCODAZOLE,4,5,0.6985123892018774,0.618284879577332,0.08022750962454539,0.4126984126984127,Sí,0.7268978084688055
NONOXYNOL-9 (BRD:BRD-K88625236-001-04-2),NONOXYNOL-9,4,5,0.8448881033956215,0.861597592341599,-0.01670948894597757,0.4126984126984127,Sí,0.7268978084688055
ONX-0914 (BRD:BRD-K60446698-001-01-2),ONX-0914,5,4,0.61630319531384,0.6408352552162291,-0.024532059902389047,0.4126984126984127,Sí,0.7268978084688055
PANOBINOSTAT (BRD:BRD-K02130563-001-11-4),PANOBINOSTAT,5,4,0.6448296288793659,0.7495237836695396,-0.10469415479017374,0.4126984126984127,Sí,0.7268978084688055
TRICLABENDAZOLE (BRD:BRD-K81916719-001-13-9),TRICLABENDAZOLE,4,5,0.800837688827708,0.773152434800301,0.027685254027406958,0.4126984126984127,Sí,0.7268978084688055
VORINOSTAT (BRD:BRD-K81418486-001-44-2),VORINOSTAT,4,5,0.9207422740668163,0.8703322912044589,0.05040998286235743,0.4126984126984127,Sí,0.7268978084688055
VU0238429 (BRD:BRD-K24187789-001-01-7),VU0238429,4,5,0.8202344112112445,0.775155085321406,0.04507932588983854,0.4126984126984127,Sí,0.7268978084688055
AZALOMYCIN-B (BRD:BRD-K96104201-001-01-5),AZALOMYCIN-B,5,5,0.786842843739952,0.761849048969231,0.024993794770720945,0.42063492063492064,Sí,0.7268978084688055
BETA-LAPACHONE (BRD:BRD-K28061410-001-06-6),BETA-LAPACHONE,5,5,0.771415386095834,0.810886620841551,-0.03947123474571701,0.42063492063492064,Sí,0.7268978084688055
BISINDOLYLMALEIMIDE-IX (BRD:BRD-K06543683-066-02-1),BISINDOLYLMALEIMIDE-IX,5,5,0.832047098110905,0.813664113028267,0.018382985082638026,0.42063492063492064,Sí,0.7268978084688055
DEOXYCORTICOSTERONE-ACETATE (BRD:BRD-K24556098-001-16-7),DEOXYCORTICOSTERONE-ACETATE,5,5,0.7476907805755,0.736770829203966,0.010919951371534009,0.42063492063492064,Sí,0.7268978084688055
EVP4593 (BRD:BRD-K68395654-001-03-1),EVP4593,5,5,0.613850288408304,0.542575270131905,0.07127501827639904,0.42063492063492064,Sí,0.7268978084688055
GSK-2141795 (BRD:BRD-K38332599-001-01-3),GSK-2141795,5,5,0.794019338973553,0.8500508822995365,-0.05603154332598348,0.42063492063492064,Sí,0.7268978084688055
HMN-214 (BRD:BRD-K70511574-001-06-9),HMN-214,5,5,0.750677488147322,0.698924125379414,0.051753362767908095,0.42063492063492064,Sí,0.7268978084688055
IXAZOMIB (BRD:BRD-K78659596-001-03-9),IXAZOMIB,5,5,0.630006545302053,0.487504261563083,0.14250228373897,0.42063492063492064,Sí,0.7268978084688055
KPT-276 (BRD:BRD-K75352575-001-01-3),KPT-276,5,5,0.766158508791067,0.6911542840876,0.0750042247034669,0.42063492063492064,Sí,0.7268978084688055
MLN0128 (BRD:BRD-K59317601-001-05-5),MLN0128,5,5,0.6447808224653887,0.6985552188740546,-0.05377439640866588,0.42063492063492064,Sí,0.7268978084688055
NANCHANGMYCIN (BRD:BRD-A73871920-236-03-6),NANCHANGMYCIN,5,5,0.758088468863922,0.619562398217819,0.138526070646103,0.42063492063492064,Sí,0.7268978084688055
NSC-697923 (BRD:BRD-K20605374-001-05-4),NSC-697923,5,5,0.825967745000688,0.799131263579576,0.026836481421112057,0.42063492063492064,Sí,0.7268978084688055
NVP-AEW541 (BRD:BRD-K24696047-001-02-3),NVP-AEW541,5,5,0.853016181961049,0.919300482549117,-0.066284300588068,0.42063492063492064,Sí,0.7268978084688055
PIK-75 (BRD:BRD-K49371609-003-03-8),PIK-75,5,5,0.588011815939687,0.566039730752255,0.02197208518743199,0.42063492063492064,Sí,0.7268978084688055
SB-939 (BRD:BRD-K86797399-001-05-1),SB-939,5,5,0.646394971832881,0.520455584082882,0.12593938774999902,0.42063492063492064,Sí,0.7268978084688055
AEE788 (BRD:BRD-K40718343-001-02-6),AEE788,4,4,0.8479557622544069,0.919227736781776,-0.07127197452736911,0.4857142857142857,Sí,0.8123642439431913
BROXALDINE (BRD:BRD-K36222532-001-01-8),BROXALDINE,4,4,0.876539744645521,0.8261128355546085,0.05042690909091252,0.4857142857142857,Sí,0.8123642439431913
CEP-37440 (BRD:BRD-K72827473-001-01-0),CEP-37440,4,4,0.9283102096921965,0.933461381069183,-0.0051511713769865075,0.4857142857142857,Sí,0.8123642439431913
DIGOXIN (BRD:BRD-A94756469-001-04-7),DIGOXIN,4,4,0.6395836998577775,0.599063538498091,0.0405201613596865,0.4857142857142857,Sí,0.8123642439431913
EVACETRAPIB (BRD:BRD-K16551357-001-03-2),EVACETRAPIB,4,4,0.9437864915279706,0.8526254828602515,0.09116100866771903,0.4857142857142857,Sí,0.8123642439431913
MGCD-265 (BRD:BRD-K56277358-001-07-5),MGCD-265,4,4,0.8790794437178555,0.9186214581438414,-0.03954201442598593,0.4857142857142857,Sí,0.8123642439431913
PF-00562271 (BRD:BRD-K99545815-001-06-3),PF-00562271,4,4,0.9020378684496355,0.8782881673912595,0.023749701058376038,0.4857142857142857,Sí,0.8123642439431913
REGORAFENIB (BRD:BRD-K16730910-001-10-7),REGORAFENIB,4,4,0.9328846668058066,0.9782953685054023,-0.04541070169959571,0.4857142857142857,Sí,0.8123642439431913
RO-4987655 (BRD:BRD-K64538373-001-01-4),RO-4987655,4,4,0.7838827195443789,0.8123906131749841,-0.02850789363060513,0.4857142857142857,Sí,0.8123642439431913
RO-9187 (BRD:BRD-K57284066-001-01-6),RO-9187,4,4,0.8720898863668275,0.8988057458266661,-0.026715859459838565,0.4857142857142857,Sí,0.8123642439431913
TRICHOSTATIN-A (BRD:BRD-K68202742-001-16-5),TRICHOSTATIN-A,4,4,0.590258622731274,0.564754326268657,0.025504296462617093,0.4857142857142857,Sí,0.8123642439431913
A-1065-5 (BRD:BRD-K87124298-001-03-4),A-1065-5,5,5,0.755473217708308,0.784009045409897,-0.028535827701589023,0.5476190476190477,Sí,0.8635265700483092
BAY-11-7085 (BRD:BRD-K48684885-001-04-2),BAY-11-7085,5,5,0.861618167457043,0.850434274704159,0.011183892752884006,0.5476190476190477,Sí,0.8635265700483092
DIGITOXIGENIN (BRD:BRD-K18518344-001-15-9),DIGITOXIGENIN,5,5,0.711250227258069,0.665473196485823,0.04577703077224593,0.5476190476190477,Sí,0.8635265700483092
GSK-J4 (BRD:BRD-K98203492-003-04-1),GSK-J4,5,5,0.839739315474844,0.82496868392214,0.014770631552704083,0.5476190476190477,Sí,0.8635265700483092
JIB04 (BRD:BRD-K76180386-001-01-6),JIB04,5,5,0.730814460547521,0.78949093586893,-0.05867647532140907,0.5476190476190477,Sí,0.8635265700483092
M-344 (BRD:BRD-K45528773-001-07-2),M-344,5,5,0.749565364466503,0.731859003246215,0.017706361220288014,0.5476190476190477,Sí,0.8635265700483092
NAPABUCASIN (BRD:BRD-K22064724-001-01-8),NAPABUCASIN,5,5,0.7345078406704301,0.7440303945861937,-0.00952255391576362,0.5476190476190477,Sí,0.8635265700483092
PI 103 (BRD:BRD-K67868012-001-07-6),PI 103,5,5,0.927250097236147,0.891167798681755,0.036082298554392045,0.5476190476190477,Sí,0.8635265700483092
SIMVASTATIN (BRD:BRD-K22134346-001-24-9),SIMVASTATIN,5,5,0.956257424387717,0.915698336985501,0.04055908740221603,0.5476190476190477,Sí,0.8635265700483092
SU3327 (BRD:BRD-K32730239-001-01-0),SU3327,5,5,0.864304949853215,0.879899362607472,-0.015594412754256992,0.5476190476190477,Sí,0.8635265700483092
TG-100572 (BRD:BRD-K18424115-003-01-3),TG-100572,5,5,0.828725724191512,0.844429319593062,-0.015703595401549975,0.5476190476190477,Sí,0.8635265700483092
THIOMERSAL (BRD:BRD-K61443650-236-13-1),THIOMERSAL,5,5,0.808123943210263,0.909829370959147,-0.10170542774888391,0.5476190476190477,Sí,0.8635265700483092
BEZ235 (BRD:BRD-K12184916-001-19-6),BEZ235,5,4,0.5091193522775799,0.6220477237032442,-0.11292837142566436,0.5555555555555556,Sí,0.8635265700483092
BGT226 (BRD:BRD-K29415052-050-04-8),BGT226,5,4,0.3591258349891,0.365411257579625,-0.006285422590525003,0.5555555555555556,Sí,0.8635265700483092
BIX-02188 (BRD:BRD-K20290250-001-02-1),BIX-02188,4,5,0.9392968197798386,0.885695741431318,0.05360107834852057,0.5555555555555556,Sí,0.8635265700483092
DIANHYDROGALACTITOL (BRD:BRD-K68502831-001-01-2),DIANHYDROGALACTITOL,4,5,0.817067306485864,0.809236739720329,0.007830566765535063,0.5555555555555556,Sí,0.8635265700483092
GAMBOGIC-ACID (BRD:BRD-K08542803-001-02-3),GAMBOGIC-ACID,4,5,0.7029362894060869,0.6657295270627336,0.037206762343353295,0.5555555555555556,Sí,0.8635265700483092
LY3023414 (BRD:BRD-K82967180-001-01-6),LY3023414,4,5,0.5515600996412285,0.601978735852983,-0.050418636211754464,0.5555555555555556,Sí,0.8635265700483092
MARIMASTAT (BRD:BRD-K21396683-001-04-8),MARIMASTAT,4,5,0.8615831666444824,0.851359254443877,0.010223912200605478,0.5555555555555556,Sí,0.8635265700483092
MEFEXAMIDE (BRD:BRD-K20655524-003-12-0),MEFEXAMIDE,5,4,0.67813199302557,0.6456002724706615,0.032531720554908494,0.5555555555555556,Sí,0.8635265700483092
MEK1-2-INHIBITOR (BRD:BRD-K12244279-001-05-8),MEK1-2-INHIBITOR,5,4,0.913022421936174,0.848271168666732,0.06475125326944198,0.5555555555555556,Sí,0.8635265700483092
PARDOPRUNOX (BRD:BRD-K11851476-003-01-7),PARDOPRUNOX,4,5,0.8382230770674695,0.728444974804959,0.1097781022625105,0.5555555555555556,Sí,0.8635265700483092
SCRIPTAID (BRD:BRD-K22503835-001-11-0),SCRIPTAID,5,4,0.856423492484096,0.8889614512011175,-0.032537958717021476,0.5555555555555556,Sí,0.8635265700483092
SRT1720 (BRD:BRD-K95926480-003-03-6),SRT1720,4,5,0.9604587871655086,0.947587482693048,0.012871304472460543,0.5555555555555556,Sí,0.8635265700483092
TMC-353121 (BRD:BRD-K66097663-001-01-8),TMC-353121,5,4,0.852975724372025,0.8855460867534275,-0.03257036238140254,0.5555555555555556,Sí,0.8635265700483092
VISMODEGIB (BRD:BRD-K44827188-001-06-0),VISMODEGIB,4,5,0.9702279360730848,0.9339016724912486,0.036326263581836216,0.5555555555555556,Sí,0.8635265700483092
ACY-1215 (BRD:BRD-K82928847-001-04-7),ACY-1215,3,5,0.878934472279991,0.908794922275175,-0.029860449995184002,0.5714285714285714,Sí,0.8669950738916256
ALISERTIB (BRD:BRD-K75295174-001-05-0),ALISERTIB,3,5,0.80912024250599,0.72626415776179,0.08285608474420003,0.5714285714285714,Sí,0.8669950738916256
DOVITINIB (BRD:BRD-K85402309-043-01-9),DOVITINIB,3,5,0.9185964480310572,0.9404613738744074,-0.021864925843350203,0.5714285714285714,Sí,0.8669950738916256
EBASTINE (BRD:BRD-K13314656-001-01-0),EBASTINE,3,5,0.914009491493016,0.938691235877808,-0.02468174438479198,0.5714285714285714,Sí,0.8669950738916256
EVODIAMINE (BRD:BRD-A68631409-001-05-4),EVODIAMINE,3,5,0.832699852283405,0.823725337086374,0.008974515197031074,0.5714285714285714,Sí,0.8669950738916256
FEDRATINIB (BRD:BRD-K12502280-001-08-0),FEDRATINIB,3,5,0.891292508759454,0.857750331980202,0.033542176779251975,0.5714285714285714,Sí,0.8669950738916256
KW-2478 (BRD:BRD-K41213548-001-02-0),KW-2478,3,5,0.77922660599875,0.734198673219776,0.04502793277897399,0.5714285714285714,Sí,0.8669950738916256
LY2608204 (BRD:BRD-K12068470-001-02-5),LY2608204,3,5,0.801630005987145,0.825119356938403,-0.023489350951258037,0.5714285714285714,Sí,0.8669950738916256
LY456236 (BRD:BRD-K87696786-003-04-4),LY456236,3,5,0.859807233385741,0.844126820350281,0.015680413035460083,0.5714285714285714,Sí,0.8669950738916256
1-NAPHTHYL-PP1 (BRD:BRD-K29542628-001-03-9),1-NAPHTHYL-PP1,3,4,0.879187832861027,0.8483204630610326,0.030867369799994382,0.6285714285714286,Sí,0.8921658986175115
7-HYDROXYSTAUROSPORINE (BRD:BRD-K45293975-001-02-0),7-HYDROXYSTAUROSPORINE,3,4,0.72953442656381,0.6894449083447545,0.04008951821905549,0.6285714285714286,Sí,0.8921658986175115
ABT-702 (BRD:BRD-K36021395-300-02-4),ABT-702,4,3,0.914152560734218,0.882828566985224,0.03132399374899397,0.6285714285714286,Sí,0.8921658986175115
ADEFOVIR-DIPIVOXIL (BRD:BRD-K96159438-001-06-3),ADEFOVIR-DIPIVOXIL,4,3,0.884040632130696,0.863687373108725,0.020353259021970938,0.6285714285714286,Sí,0.8921658986175115
AMG900 (BRD:BRD-K21728777-001-02-3),AMG900,3,4,0.915665647724637,0.656437605616015,0.25922804210862194,0.6285714285714286,Sí,0.8921658986175115
ATIPRIMOD (BRD:BRD-K38527262-300-01-0),ATIPRIMOD,4,3,0.8875761816107206,0.8788690787686755,0.008707102842045122,0.6285714285714286,Sí,0.8921658986175115
BRIGATINIB (BRD:BRD-K56981171-001-02-8),BRIGATINIB,3,4,0.864598123007027,0.9007695009040224,-0.03617137789699543,0.6285714285714286,Sí,0.8921658986175115
CEFDITOREN-PIVOXIL (BRD:BRD-K72167406-001-02-1),CEFDITOREN-PIVOXIL,3,4,0.88109546290431,0.9504331422316845,-0.06933767932737456,0.6285714285714286,Sí,0.8921658986175115
CYCLOHEXIMIDE (BRD:BRD-K36055864-001-19-2),CYCLOHEXIMIDE,3,4,0.877733824694573,0.7795382801040756,0.0981955445904974,0.6285714285714286,Sí,0.8921658986175115
CYPROTERONE-ACETATE (BRD:BRD-K41141507-001-16-2),CYPROTERONE-ACETATE,4,3,0.9022596348467524,0.970028097779598,-0.06776846293284555,0.6285714285714286,Sí,0.8921658986175115
HEXACHLOROPHENE (BRD:BRD-K99792991-001-34-9),HEXACHLOROPHENE,3,4,0.854771879836697,0.8750024121963456,-0.020230532359648556,0.6285714285714286,Sí,0.8921658986175115
NORETYNODREL (BRD:BRD-A00758722-001-04-9),NORETYNODREL,4,3,0.888795209412901,0.953326688368468,-0.06453147895556699,0.6285714285714286,Sí,0.8921658986175115
PARTHENOLIDE (BRD:BRD-K98548675-001-05-9),PARTHENOLIDE,3,4,0.847321510475426,0.8346407786451284,0.012680731830297609,0.6285714285714286,Sí,0.8921658986175115
PICTILISIB (BRD:BRD-K52911425-001-09-8),PICTILISIB,4,3,0.830053322200996,0.773183046361961,0.056870275839035034,0.6285714285714286,Sí,0.8921658986175115
ROCILETINIB (BRD:BRD-K33610132-001-02-9),ROCILETINIB,4,3,0.8782780908051292,0.9339958189763942,-0.05571772817126497,0.6285714285714286,Sí,0.8921658986175115
SB-239063 (BRD:BRD-K82091397-001-03-0),SB-239063,4,3,0.8758157333251799,0.855040569643666,0.020775163681513886,0.6285714285714286,Sí,0.8921658986175115
SDZ-WAG-994 (BRD:BRD-K39558284-001-01-2),SDZ-WAG-994,3,4,0.961512302866341,0.9458583526072606,0.01565395025908045,0.6285714285714286,Sí,0.8921658986175115
SNS-314 (BRD:BRD-K71512533-066-02-8),SNS-314,3,4,0.852696915620405,0.751876740344701,0.10082017527570397,0.6285714285714286,Sí,0.8921658986175115
TAK-733 (BRD:BRD-K26667523-001-02-5),TAK-733,3,4,0.772246408936714,0.6781029308156026,0.09414347812111146,0.6285714285714286,Sí,0.8921658986175115
TALTOBULIN (BRD:BRD-K87512222-019-01-7),TALTOBULIN,3,4,0.544680817281105,0.35287184463737853,0.19180897264372643,0.6285714285714286,Sí,0.8921658986175115
TAS-103 (BRD:BRD-K09426783-300-01-0),TAS-103,3,4,0.760436018091428,0.7255188257516201,0.034917192339807945,0.6285714285714286,Sí,0.8921658986175115
TASISULAM (BRD:BRD-K42495768-001-01-7),TASISULAM,3,4,0.9219725261632288,0.9082320673477927,0.013740458815436063,0.6285714285714286,Sí,0.8921658986175115
TEMSIROLIMUS (BRD:BRD-K42898655-001-01-8),TEMSIROLIMUS,4,3,0.77061400279904,0.8671091504568661,-0.09649514765782607,0.6285714285714286,Sí,0.8921658986175115
TH-302 (BRD:BRD-K20958582-001-01-4),TH-302,3,4,0.849317782721041,0.818262239897674,0.031055542823366977,0.6285714285714286,Sí,0.8921658986175115
TREMORINE (BRD:BRD-K08619838-300-05-7),TREMORINE,4,3,0.8356174576176905,0.847893505309186,-0.012276047691495484,0.6285714285714286,Sí,0.8921658986175115
VISTUSERTIB (BRD:BRD-K99113996-001-02-0),VISTUSERTIB,4,3,0.7369864168558349,0.7163615145865281,0.0206249022693068,0.6285714285714286,Sí,0.8921658986175115
AZILSARTAN (BRD:BRD-K81074237-001-02-3),AZILSARTAN,4,4,0.9337901576746145,0.9253122743571229,0.008477883317491552,0.6857142857142857,Sí,0.9268518518518518
CGP-52411 (BRD:BRD-K13087974-001-02-5),CGP-52411,4,4,0.8332466446529605,0.8203966129292539,0.012850031723706579,0.6857142857142857,Sí,0.9268518518518518
CLOMIFENE (BRD:BRD-K29950728-048-17-4),CLOMIFENE,4,4,0.9172928915116461,0.951310853636235,-0.03401796212458896,0.6857142857142857,Sí,0.9268518518518518
HYPOESTOXIDE (BRD:BRD-A51571244-001-01-9),HYPOESTOXIDE,4,4,0.6975062423206775,0.7546637744441055,-0.057157532123428,0.6857142857142857,Sí,0.9268518518518518
IVERMECTIN (BRD:BRD-K85554912-001-06-3),IVERMECTIN,4,4,0.9248976734578565,0.8168278900604705,0.10806978339738593,0.6857142857142857,Sí,0.9268518518518518
NSC-319726 (BRD:BRD-K99170882-001-04-3),NSC-319726,4,4,0.3868339175447445,0.38566874215465097,0.0011651753900935313,0.6857142857142857,Sí,0.9268518518518518
PENTAMIDINE (BRD:BRD-K13183738-317-10-2),PENTAMIDINE,4,4,0.868683272019424,0.8405325670437925,0.028150704975631435,0.6857142857142857,Sí,0.9268518518518518
PRT062070 (BRD:BRD-K25835157-001-01-4),PRT062070,4,4,0.937780837790491,0.8726504331504334,0.0651304046400576,0.6857142857142857,Sí,0.9268518518518518
TW 37 (BRD:BRD-K28360340-001-08-3),TW 37,4,4,0.712749499667179,0.7095279516053434,0.0032215480618356107,0.6857142857142857,Sí,0.9268518518518518
TYRPHOSTIN-AG-99 (BRD:BRD-K60184833-001-05-6),TYRPHOSTIN-AG-99,4,4,0.8648874497920405,0.8308916025774244,0.033995847214616015,0.6857142857142857,Sí,0.9268518518518518
VENETOCLAX (BRD:BRD-K62391742-001-09-7),VENETOCLAX,4,4,0.8965971193911575,0.9245024302479017,-0.027905310856744192,0.6857142857142857,Sí,0.9268518518518518
CHLOROXINE (BRD:BRD-K17075857-001-18-4),CHLOROXINE,5,5,0.884384465152799,0.829632929696558,0.05475153545624101,0.6904761904761905,Sí,0.9268518518518518
PI3K-IN-2 (BRD:BRD-K62374002-001-01-5),PI3K-IN-2,5,5,0.713247352943389,0.680390515328736,0.03285683761465308,0.6904761904761905,Sí,0.9268518518518518
RO-106-9920 (BRD:BRD-A53134341-001-03-2),RO-106-9920,5,5,0.783920931203682,0.776203857053211,0.0077170741504709595,0.6904761904761905,Sí,0.9268518518518518
RS-17053 (BRD:BRD-K76840893-003-02-5),RS-17053,5,5,0.884691495542101,0.913284912500934,-0.028593416958832996,0.6904761904761905,Sí,0.9268518518518518
WYE-354 (BRD:BRD-K77008974-001-03-2),WYE-354,5,5,0.843834723912661,0.889795049291205,-0.045960325378544,0.6904761904761905,Sí,0.9268518518518518
AM-251 (BRD:BRD-K92000912-001-12-6),AM-251,3,3,0.907011131526714,0.879250681146171,0.027760450380542978,0.7,Sí,0.9268518518518518
ATIPAMEZOLE (BRD:BRD-K39252998-003-01-5),ATIPAMEZOLE,3,3,0.881433277136174,0.902508870136298,-0.02107559300012396,0.7,Sí,0.9268518518518518
CAL-101 (BRD:BRD-K60866521-001-07-1),CAL-101,3,3,0.8965466291155471,0.867131925084643,0.02941470403090407,0.7,Sí,0.9268518518518518
DABRAFENIB (BRD:BRD-K09951645-001-11-8),DABRAFENIB,3,3,0.9550916156890886,0.924200723781636,0.030890891907452644,0.7,Sí,0.9268518518518518
DROSPIRENONE (BRD:BRD-K04394237-001-03-7),DROSPIRENONE,3,3,0.979162987952817,0.876003897627527,0.10315909032529003,0.7,Sí,0.9268518518518518
EPINEPHRINE (BRD:BRD-K63126190-003-01-6),EPINEPHRINE,3,3,0.944907941149251,0.920795754793839,0.024112186355412013,0.7,Sí,0.9268518518518518
GOLVATINIB (BRD:BRD-K69001009-001-02-8),GOLVATINIB,3,3,0.9613081747065187,0.955463555474462,0.0058446192320567025,0.7,Sí,0.9268518518518518
MECLIZINE (BRD:BRD-A50311610-300-10-4),MECLIZINE,3,3,0.961752482363831,0.91788489135104,0.04386759101279103,0.7,Sí,0.9268518518518518
NITARSONE (BRD:BRD-K56707426-001-02-0),NITARSONE,3,3,0.84459446633204,0.809925188204913,0.03466927812712706,0.7,Sí,0.9268518518518518
PRAZOSIN (BRD:BRD-K49111258-003-29-7),PRAZOSIN,3,3,0.931121667476365,0.940342932782586,-0.009221265306220916,0.7,Sí,0.9268518518518518
RS-16566 (BRD:BRD-K80725821-300-02-9),RS-16566,3,3,0.941512608817418,0.926764139963881,0.014748468853537089,0.7,Sí,0.9268518518518518
SEMAXANIB (BRD:BRD-K63504947-001-14-7),SEMAXANIB,3,3,0.9122854925238274,0.856479707423765,0.0558057851000624,0.7,Sí,0.9268518518518518
SPARFLOXACIN (BRD:BRD-K07612980-001-05-3),SPARFLOXACIN,3,3,0.912832652918587,0.946407571865728,-0.03357491894714104,0.7,Sí,0.9268518518518518
BAY-11-7082 (BRD:BRD-K15025317-001-15-1),BAY-11-7082,5,4,0.913334353488808,0.9145982364720785,-0.0012638829832705145,0.7301587301587302,Sí,0.9301799413157988
BIIB-057 (BRD:BRD-K53734668-003-02-0),BIIB-057,4,5,0.918343746298239,0.916763162730459,0.001580583567780014,0.7301587301587302,Sí,0.9301799413157988
BMS-265246 (BRD:BRD-K62814476-001-03-3),BMS-265246,4,5,0.7859803864524946,0.808144544383446,-0.02216415793095139,0.7301587301587302,Sí,0.9301799413157988
CHIDAMIDE (BRD:BRD-K28537285-001-01-8),CHIDAMIDE,4,5,0.7986436321939105,0.767273124253848,0.031370507940062575,0.7301587301587302,Sí,0.9301799413157988
CID-5458317 (BRD:BRD-A08840375-001-01-3),CID-5458317,5,4,0.861558396606527,0.8401810640981315,0.021377332508395464,0.7301587301587302,Sí,0.9301799413157988
ELESCLOMOL (BRD:BRD-K82135108-001-04-3),ELESCLOMOL,4,5,0.7064430422942256,0.6204481431542304,0.08599489913999525,0.7301587301587302,Sí,0.9301799413157988
IKK-2-INHIBITOR-V (BRD:BRD-K74305673-001-06-2),IKK-2-INHIBITOR-V,4,5,0.8533375971488095,0.820189625961337,0.03314797118747248,0.7301587301587302,Sí,0.9301799413157988
LANATOSIDE-C (BRD:BRD-A64242993-001-05-6),LANATOSIDE-C,5,4,0.714698368385405,0.7089673870538751,0.0057309813315299385,0.7301587301587302,Sí,0.9301799413157988
METARAMINOL (BRD:BRD-K96253961-046-03-1),METARAMINOL,5,4,0.80690012845014,0.7579875212281395,0.048912607222000526,0.7301587301587302,Sí,0.9301799413157988
OXYQUINOLINE (BRD:BRD-K66808046-065-03-7),OXYQUINOLINE,5,4,0.953131594005008,0.9468608457945396,0.006270748210468469,0.7301587301587302,Sí,0.9301799413157988
ROMIDEPSIN (BRD:BRD-K61397605-001-03-4),ROMIDEPSIN,5,4,0.224766156296047,0.2024738037082015,0.022292352587845482,0.7301587301587302,Sí,0.9301799413157988
SB-431542 (BRD:BRD-K67298865-001-09-0),SB-431542,4,5,0.786928913714001,0.843283856733389,-0.05635494301938804,0.7301587301587302,Sí,0.9301799413157988
STF-118804 (BRD:BRD-K39171998-001-01-1),STF-118804,5,4,0.692244181227428,0.6785307887725945,0.013713392454833495,0.7301587301587302,Sí,0.9301799413157988
TAK-632 (BRD:BRD-K31866293-001-01-6),TAK-632,5,4,0.857167777028559,0.804120941175769,0.05304683585278991,0.7301587301587302,Sí,0.9301799413157988
TEDIZOLID (BRD:BRD-K59436580-001-01-7),TEDIZOLID,5,4,0.871394381784707,0.82397417857204,0.047420203212666934,0.7301587301587302,Sí,0.9301799413157988
TORIN-2 (BRD:BRD-K68174511-001-06-6),TORIN-2,5,4,0.616453430773658,0.6367206064355015,-0.02026717566184355,0.7301587301587302,Sí,0.9301799413157988
XL888 (BRD:BRD-A03506276-001-01-5),XL888,5,4,0.61569637169961,0.581442870999249,0.03425350070036104,0.7301587301587302,Sí,0.9301799413157988
ALVESPIMYCIN (BRD:BRD-K83988098-001-02-0),ALVESPIMYCIN,3,5,0.8582143046952848,0.8511630653660056,0.007051239329279202,0.7857142857142857,Sí,0.9834323226008127
AZD 2171 (BRD:BRD-K86930074-001-05-0),AZD 2171,3,5,0.799963436527462,0.812897133357088,-0.012933696829625974,0.7857142857142857,Sí,0.9834323226008127
AZD2858 (BRD:BRD-K85849709-001-01-5),AZD2858,3,5,0.858676934699263,0.857620898855096,0.0010560358441670248,0.7857142857142857,Sí,0.9834323226008127
GDC-0980 (BRD:BRD-K23228615-001-02-8),GDC-0980,5,3,0.7510249796669406,0.8001949078856424,-0.04916992821870181,0.7857142857142857,Sí,0.9834323226008127
METATINIB (BRD:BRD-K27182532-001-02-3),METATINIB,3,5,0.797599097665542,0.819310891645623,-0.02171179398008094,0.7857142857142857,Sí,0.9834323226008127
METHOXYFLURANE (BRD:BRD-K06152156-001-01-8),METHOXYFLURANE,3,5,0.844765685385069,0.83174353637323,0.013022149011839068,0.7857142857142857,Sí,0.9834323226008127
REPSOX (BRD:BRD-K80480517-001-02-4),REPSOX,3,5,0.830762766759584,0.891648367941597,-0.060885601182012916,0.7857142857142857,Sí,0.9834323226008127
XANOMELINE (BRD:BRD-K72815923-034-01-2),XANOMELINE,3,5,0.832425813647571,0.82753997696266,0.004885836684910938,0.7857142857142857,Sí,0.9834323226008127
ADAPREV (BRD:BRD-A73427433-240-01-3),ADAPREV,5,5,0.811618981100492,0.790246101814396,0.02137287928609599,0.8412698412698413,Sí,1.0
ALVOCIDIB (BRD:BRD-K87909389-003-03-4),ALVOCIDIB,5,5,0.6346541982263048,0.7190515851421373,-0.08439738691583254,0.8412698412698413,Sí,1.0
AR 42 (BRD:BRD-K13167095-001-02-9),AR 42,5,5,0.757724186867678,0.711921183141291,0.045803003726386904,0.8412698412698413,Sí,1.0
BREFELDIN-A (BRD:BRD-K77841042-001-14-1),BREFELDIN-A,5,5,0.588281325318032,0.571902015064519,0.016379310253513024,0.8412698412698413,Sí,1.0
CD-437 (BRD:BRD-K28907958-001-04-3),CD-437,5,5,0.77679729251025,0.766498673904185,0.010298618606064958,0.8412698412698413,Sí,1.0
CHLORMIDAZOLE (BRD:BRD-K60443845-001-08-6),CHLORMIDAZOLE,5,5,0.861166284993766,0.858544863097708,0.0026214218960579627,0.8412698412698413,Sí,1.0
CURCUMIN (BRD:BRD-K07572174-001-39-4),CURCUMIN,5,5,0.855232225267402,0.846105142233449,0.009127083033952932,0.8412698412698413,Sí,1.0
DELANZOMIB (BRD:BRD-K59325863-001-02-8),DELANZOMIB,5,5,0.454709137492305,0.460368911210944,-0.005659773718638961,0.8412698412698413,Sí,1.0
DICHLORVOS (BRD:BRD-K23779958-001-05-8),DICHLORVOS,5,5,0.79647649456756,0.796106600882539,0.0003698936850209389,0.8412698412698413,Sí,1.0
DIGOXIGENIN (BRD:BRD-K18619710-001-14-4),DIGOXIGENIN,5,5,0.865823664460373,0.872616954257704,-0.00679328979733107,0.8412698412698413,Sí,1.0
RN-1734 (BRD:BRD-K95581532-001-01-5),RN-1734,5,5,0.804256036050657,0.796652067799248,0.007603968251408966,0.8412698412698413,Sí,1.0
SULCONAZOLE (BRD:BRD-A70649075-008-30-8),SULCONAZOLE,5,5,0.909861816166308,0.904067449162025,0.005794367004283041,0.8412698412698413,Sí,1.0
5-HYDROXYMETHYL-TOLTERODINE (BRD:BRD-K24603946-001-02-1),5-HYDROXYMETHYL-TOLTERODINE,3,4,0.815927260961206,0.8278762475581769,-0.011948986596970856,0.8571428571428571,Sí,1.0
AM-580 (BRD:BRD-K06854232-001-19-9),AM-580,3,4,0.955663696729747,0.943309530601757,0.012354166127990007,0.8571428571428571,Sí,1.0
AZ20 (BRD:BRD-K42436189-001-01-2),AZ20,3,4,0.839451262369064,0.833537121446658,0.005914140922405942,0.8571428571428571,Sí,1.0
BAY-87-2243 (BRD:BRD-K70463136-001-01-5),BAY-87-2243,3,4,0.406797777132136,0.4551037924970275,-0.048306015364891486,0.8571428571428571,Sí,1.0
BINIMETINIB (BRD:BRD-K82244583-001-01-3),BINIMETINIB,4,3,0.8645550554945389,0.870692888843199,-0.006137833348660027,0.8571428571428571,Sí,1.0
BMS-345541 (BRD:BRD-K13566078-001-02-3),BMS-345541,3,4,0.843612014618391,0.8399885063848855,0.0036235082335054347,0.8571428571428571,Sí,1.0
BVD-523 (BRD:BRD-K28965160-001-01-1),BVD-523,3,4,0.842031260182853,0.8620102798423614,-0.019979019659508435,0.8571428571428571,Sí,1.0
CHLOROGENIC-ACID (BRD:BRD-K47114202-001-14-6),CHLOROGENIC-ACID,3,4,0.920952645327355,0.9005665505571174,0.02038609477023756,0.8571428571428571,Sí,1.0
GOLGICIDE-A (BRD:BRD-A57886255-001-01-1),GOLGICIDE-A,3,4,0.928549991878672,0.917776972131077,0.010773019747595036,0.8571428571428571,Sí,1.0
GTP-14564 (BRD:BRD-K16664969-001-03-3),GTP-14564,4,3,0.8519525601636785,0.897001335233318,-0.04504877506963956,0.8571428571428571,Sí,1.0
INDIRUBIN (BRD:BRD-K17894950-001-14-3),INDIRUBIN,3,4,0.8666710215741832,0.8206002212431165,0.0460708003310667,0.8571428571428571,Sí,1.0
INOSINE (BRD:BRD-K79612754-001-19-1),INOSINE,4,3,0.838331581968731,0.836812604548979,0.0015189774197520434,0.8571428571428571,Sí,1.0
ISOFLOXYTHEPIN (BRD:BRD-A07704283-001-01-3),ISOFLOXYTHEPIN,3,4,0.937107050959595,0.9569189138104645,-0.019811862850869444,0.8571428571428571,Sí,1.0
LOMEFLOXACIN (BRD:BRD-A75850590-213-01-0),LOMEFLOXACIN,3,4,0.808197438755474,0.8117445623271226,-0.003547123571648547,0.8571428571428571,Sí,1.0
OPROZOMIB (BRD:BRD-A36331462-001-02-1),OPROZOMIB,3,4,0.397656156322874,0.484598004460592,-0.08694184813771799,0.8571428571428571,Sí,1.0
PFK-015 (BRD:BRD-K95573441-001-01-2),PFK-015,3,4,0.852378736938079,0.8570226984735749,-0.004643961535495955,0.8571428571428571,Sí,1.0
R306465 (BRD:BRD-K86687746-001-01-3),R306465,3,4,0.694263428777094,0.690492885075747,0.0037705437013469956,0.8571428571428571,Sí,1.0
RESMINOSTAT (BRD:BRD-K28822270-001-03-7),RESMINOSTAT,4,3,0.8757579201915598,0.904700717657152,-0.02894279746559214,0.8571428571428571,Sí,1.0
SB-200646 (BRD:BRD-K77677632-003-02-6),SB-200646,3,4,0.886748371181103,0.8677392457816995,0.01900912539940347,0.8571428571428571,Sí,1.0
TACEDINALINE (BRD:BRD-K52313696-001-12-3),TACEDINALINE,3,4,0.931152355801447,0.9234510915881153,0.007701264213331616,0.8571428571428571,Sí,1.0
XL388 (BRD:BRD-K03549949-001-01-0),XL388,3,4,0.783560337791784,0.784111425550758,-0.0005510877589739449,0.8571428571428571,Sí,1.0
CETYLPYRIDINIUM (BRD:BRD-K87700323-003-05-1),CETYLPYRIDINIUM,4,4,0.859408865398203,0.8077536311767355,0.05165523422146756,0.8857142857142857,Sí,1.0
EPLERENONE (BRD:BRD-K19761926-001-03-6),EPLERENONE,4,4,0.881785542548341,0.873217564351472,0.008567978196868942,0.8857142857142857,Sí,1.0
MITOMYCIN-C (BRD:BRD-A48237631-001-04-8),MITOMYCIN-C,4,4,0.7075532841810594,0.70816202008758,-0.0006087359065205522,0.8857142857142857,Sí,1.0
NAVARIXIN (BRD:BRD-K82850175-001-01-1),NAVARIXIN,4,4,0.8949941865539659,0.888032494401244,0.00696169215272191,0.8857142857142857,Sí,1.0
PD-407824 (BRD:BRD-K82823804-001-04-1),PD-407824,4,4,0.879613988868818,0.8659802050847656,0.013633783784052445,0.8857142857142857,Sí,1.0
SB-216641 (BRD:BRD-K30867024-003-03-3),SB-216641,4,4,0.9223174648308955,0.919270263417153,0.003047201413742484,0.8857142857142857,Sí,1.0
SODIUM-STIBOGLUCONATE (BRD:BRD-A60786380-412-01-5),SODIUM-STIBOGLUCONATE,4,4,0.88827108041693,0.8923539269397505,-0.004082846522820427,0.8857142857142857,Sí,1.0
TG-100713 (BRD:BRD-K46392623-001-02-5),TG-100713,4,4,0.8399090329448404,0.8954177545224196,-0.055508721577579134,0.8857142857142857,Sí,1.0
TYRPHOSTIN-AG-1478 (BRD:BRD-K68336408-001-10-9),TYRPHOSTIN-AG-1478,4,4,0.7547090351503221,0.76681683352048,-0.012107798370157963,0.8857142857142857,Sí,1.0
AMINOPURVALANOL-A (BRD:BRD-K07762753-001-04-4),AMINOPURVALANOL-A,4,5,0.9046895633725075,0.886998915457736,0.017690647914771485,0.9047619047619049,Sí,1.0
AZD3463 (BRD:BRD-K24593301-001-02-3),AZD3463,5,4,0.804068955490013,0.785976459875227,0.018092495614785986,0.9047619047619049,Sí,1.0
BIRINAPANT (BRD:BRD-K71221037-001-01-6),BIRINAPANT,4,5,0.8298287381022655,0.827811422759766,0.0020173153424994927,0.9047619047619049,Sí,1.0
CAPIVASERTIB (BRD:BRD-K99023089-001-03-7),CAPIVASERTIB,5,4,0.838841128175619,0.8607450447737675,-0.0219039165981485,0.9047619047619049,Sí,1.0
CYCLOVALONE (BRD:BRD-K59866480-001-07-3),CYCLOVALONE,4,5,0.8924807169053645,0.892326236914819,0.00015447999054540862,0.9047619047619049,Sí,1.0
GDC-0349 (BRD:BRD-K43187018-001-03-3),GDC-0349,4,5,0.6907051183399799,0.67544760987334,0.01525750846663998,0.9047619047619049,Sí,1.0
GSK 650394 (BRD:BRD-K14991967-001-02-6),GSK 650394,4,5,0.893756543800311,0.885159883177642,0.00859666062266895,0.9047619047619049,Sí,1.0
MIFEPRISTONE (BRD:BRD-K37270826-001-27-6),MIFEPRISTONE,5,4,0.916577753276827,0.9160492860836815,0.0005284671931454765,0.9047619047619049,Sí,1.0
P276-00 (BRD:BRD-K51791723-003-01-7),P276-00,4,5,0.7810338255966949,0.7379033548489423,0.04313047074775256,0.9047619047619049,Sí,1.0
PAZOPANIB (BRD:BRD-K74514084-003-09-2),PAZOPANIB,4,5,0.9403533763054478,0.948548154960436,-0.008194778654988188,0.9047619047619049,Sí,1.0
PD 0325901 (BRD:BRD-K49865102-001-08-4),PD 0325901,4,5,0.7964598109647235,0.83854553052257,-0.04208571955784646,0.9047619047619049,Sí,1.0
PHA-848125 (BRD:BRD-K60997853-001-02-3),PHA-848125,4,5,0.9030573403442719,0.9193812964304874,-0.016323956086215508,0.9047619047619049,Sí,1.0
PKI-179 (BRD:BRD-A28467416-002-01-0),PKI-179,5,4,0.666638841884404,0.6435523996967529,0.0230864421876511,0.9047619047619049,Sí,1.0
RUTIN (BRD:BRD-K20482099-001-09-4),RUTIN,5,4,0.831237584674524,0.8639235427350775,-0.03268595806055352,0.9047619047619049,Sí,1.0
TRYPTANTHRIN (BRD:BRD-K76973696-001-12-6),TRYPTANTHRIN,5,4,0.850327213879982,0.8182895068600865,0.0320377070198955,0.9047619047619049,Sí,1.0
VANOXERINE (BRD:BRD-K32501161-300-06-2),VANOXERINE,4,5,0.8133959265341115,0.813608010280539,-0.00021208374642744943,0.9047619047619049,Sí,1.0
WYE-125132 (BRD:BRD-A45498368-001-07-1),WYE-125132,5,4,0.730599633631029,0.7055363382027785,0.025063295428250476,0.9047619047619049,Sí,1.0
ZK-93423 (BRD:BRD-K33882852-003-02-8),ZK-93423,4,5,0.8039132057934235,0.838046395400614,-0.03413318960719047,0.9047619047619049,Sí,1.0
2-METHOXYESTRADIOL (BRD:BRD-K44408410-001-17-6),2-METHOXYESTRADIOL,3,4,0.91151466624058,0.9505961185888088,-0.039081452348228796,1.0,Sí,1.0
ACETOPHENAZINE (BRD:BRD-K42938903-332-01-1),ACETOPHENAZINE,3,3,0.957720484571849,0.955445316062932,0.002275168508916958,1.0,Sí,1.0
ALECTINIB (BRD:BRD-K11267252-001-05-1),ALECTINIB,3,3,0.9664568119297192,0.9612421078455642,0.005214704084155031,1.0,Sí,1.0
AMFENAC (BRD:BRD-K82122102-323-01-1),AMFENAC,4,3,0.9187006060172564,0.907843705801418,0.010856900215838405,1.0,Sí,1.0
AMG 706 (BRD:BRD-K99616396-001-05-1),AMG 706,3,3,0.8693409765678007,0.90164693491612,-0.032305958348319286,1.0,Sí,1.0
ARCTIGENIN (BRD:BRD-K53523901-001-04-4),ARCTIGENIN,3,4,0.896182022348215,0.9135234173940515,-0.01734139504583654,1.0,Sí,1.0
AVL-292 (BRD:BRD-K87782578-001-01-4),AVL-292,4,5,0.8876642740212983,0.8837869834264949,0.003877290594803462,1.0,Sí,1.0
AZD8330 (BRD:BRD-K37687095-001-06-9),AZD8330,3,5,0.604129830593274,0.607837389691048,-0.0037075590977739825,1.0,Sí,1.0
BAY 869766 (BRD:BRD-K85751432-001-03-3),BAY 869766,4,4,0.8323010035392531,0.7892359443669275,0.043065059172325615,1.0,Sí,1.0
BRIVARACETAM (BRD:BRD-K00634421-001-01-0),BRIVARACETAM,4,5,0.789625371963222,0.748722062809575,0.04090330915364704,1.0,Sí,1.0
CAPECITABINE (BRD:BRD-K61192372-001-08-9),CAPECITABINE,4,3,0.8764719385139664,0.8841269570176417,-0.007655018503675226,1.0,Sí,1.0
CGS-20625 (BRD:BRD-K68103045-001-02-9),CGS-20625,3,3,0.918102210147937,0.936833581128573,-0.01873137098063593,1.0,Sí,1.0
CHLORHEXIDINE (BRD:BRD-K52256627-300-06-6),CHLORHEXIDINE,4,3,0.884188512309503,0.882250820640155,0.001937691669347985,1.0,Sí,1.0
CINACALCET (BRD:BRD-K73838513-003-05-5),CINACALCET,4,5,0.9073793905901975,0.9598225510504212,-0.05244316046022379,1.0,Sí,1.0
CRIZOTINIB (BRD:BRD-K78431006-001-15-1),CRIZOTINIB,3,5,0.9276423083874888,0.9548859906824864,-0.027243682294997518,1.0,Sí,1.0
CRYSTAL-VIOLET (BRD:BRD-K60025295-003-06-6),CRYSTAL-VIOLET,5,5,0.442667318718658,0.504994807680241,-0.062327488961582966,1.0,Sí,1.0
CUDC 101 (BRD:BRD-K41278234-001-03-0),CUDC 101,3,3,0.782562622652954,0.774031407658031,0.008531214994922931,1.0,Sí,1.0
DARAPLADIB (BRD:BRD-K19085898-001-01-8),DARAPLADIB,4,4,0.9329995082058815,0.941266205935576,-0.008266697729694461,1.0,Sí,1.0
DEFOROLIMUS (BRD:BRD-K62304154-001-04-2),DEFOROLIMUS,5,5,0.629538686062214,0.565018146050756,0.06452054001145802,1.0,Sí,1.0
DPI-201106 (BRD:BRD-A64553394-001-04-4),DPI-201106,4,4,0.837118818510105,0.811285554898312,0.025833263611792945,1.0,Sí,1.0
ETP-46464 (BRD:BRD-K24556407-001-02-3),ETP-46464,5,5,0.779348087331022,0.823179792927201,-0.043831705596178994,1.0,Sí,1.0
FK-3311 (BRD:BRD-K38350380-001-01-8),FK-3311,3,3,0.845555941610397,0.86740259712199,-0.021846655511592927,1.0,Sí,1.0
FLUTICASONE-PROPIONATE (BRD:BRD-K62310379-001-10-5),FLUTICASONE-PROPIONATE,4,3,0.8709391998262925,0.896674938023987,-0.02573573819769448,1.0,Sí,1.0
FOSCARNET (BRD:BRD-K85146014-314-05-4),FOSCARNET,3,4,0.893998478459532,0.8937088213605555,0.0002896570989764369,1.0,Sí,1.0
HYOSCYAMINE (BRD:BRD-K40530731-001-11-6),HYOSCYAMINE,3,5,0.788787148747851,0.87006945951447,-0.08128231076661896,1.0,Sí,1.0
IPATASERTIB (BRD:BRD-K71480163-001-01-4),IPATASERTIB,5,3,0.782569993959765,0.78059912196786,0.0019708719919050433,1.0,Sí,1.0
JNJ-26481585 (BRD:BRD-K83837640-001-04-8),JNJ-26481585,4,4,0.4688954797467215,0.461162788546581,0.007732691200140529,1.0,Sí,1.0
KD025 (BRD:BRD-K88506063-001-01-8),KD025,4,4,0.8662331724954535,0.8585097512161746,0.007723421279278941,1.0,Sí,1.0
KIN001-167 (BRD:BRD-K63068307-001-08-9),KIN001-167,5,4,0.82403974320475,0.8620835827586185,-0.038043839553868475,1.0,Sí,1.0
KU-0063794 (BRD:BRD-K67566344-001-07-5),KU-0063794,5,5,0.797031925075307,0.796706821843059,0.00032510323224799187,1.0,Sí,1.0
MENADIONE (BRD:BRD-K78126613-001-28-5),MENADIONE,4,4,0.893593452531121,0.9050812797793035,-0.011487827248182536,1.0,Sí,1.0
NALOXONE (BRD:BRD-K67511046-001-02-3),NALOXONE,4,3,0.8275356981780445,0.772989153236518,0.054546544941526554,1.0,Sí,1.0
NH125 (BRD:BRD-K31086665-005-04-6),NH125,5,5,0.833690126458802,0.843794776276126,-0.010104649817323952,1.0,Sí,1.0
NVP-TAE226 (BRD:BRD-K21025364-001-05-6),NVP-TAE226,5,4,0.761505296279203,0.7729562296478445,-0.011450933368641447,1.0,Sí,1.0
OLIGOMYCIN-A (BRD:BRD-A81541225-001-06-8),OLIGOMYCIN-A,3,3,0.1618373384393,0.20916738298205,-0.04733004454275,1.0,Sí,1.0
OLVEREMBATINIB (BRD:BRD-K35329391-334-01-7),OLVEREMBATINIB,5,4,0.776026210901352,0.7361097435783606,0.03991646732299148,1.0,Sí,1.0
OSI-420 (BRD:BRD-K73309154-003-02-8),OSI-420,3,3,0.873799041508207,0.883488788437725,-0.009689746929518073,1.0,Sí,1.0
PAPAVERINE (BRD:BRD-K15567136-003-27-2),PAPAVERINE,3,3,0.882479636962917,0.899306020503519,-0.016826383540602063,1.0,Sí,1.0
PD-318088 (BRD:BRD-A57798112-001-03-7),PD-318088,3,3,0.853431943938332,0.858037485104131,-0.004605541165799032,1.0,Sí,1.0
PENFLURIDOL (BRD:BRD-K15409150-001-05-8),PENFLURIDOL,5,4,0.715070589535823,0.737491238085039,-0.022420648549215993,1.0,Sí,1.0
PI-828 (BRD:BRD-K97365803-001-02-1),PI-828,4,3,0.9394282296792705,0.954157358704589,-0.014729129025318421,1.0,Sí,1.0
PROFLAVINE-HEMISULFATE (BRD:BRD-K68408467-065-01-8),PROFLAVINE-HEMISULFATE,3,4,0.817809266240602,0.8333965609834204,-0.015587294742818392,1.0,Sí,1.0
RUXOLITINIB (BRD:BRD-K53972329-001-07-0),RUXOLITINIB,3,3,0.9514711642585104,0.9637742494260952,-0.012303085167584826,1.0,Sí,1.0
SARAFLOXACIN (BRD:BRD-K08525451-003-05-2),SARAFLOXACIN,3,3,0.849251168827295,0.850808520221114,-0.001557351393818962,1.0,Sí,1.0
SNX-5422 (BRD:BRD-K73197500-001-02-2),SNX-5422,3,4,0.624080325540159,0.633066462244532,-0.008986136704372982,1.0,Sí,1.0
SPERMINE (BRD:BRD-K18375018-376-02-3),SPERMINE,4,5,0.9291784149727169,0.934663459189356,-0.00548504421663909,1.0,Sí,1.0
SR-33805 (BRD:BRD-K43002771-034-01-6),SR-33805,3,4,0.708282694280764,0.7993475146406555,-0.0910648203598915,1.0,Sí,1.0
TAK-285 (BRD:BRD-K80343549-001-02-6),TAK-285,5,3,0.871098710616536,0.891176965159757,-0.020078254543220986,1.0,Sí,1.0
TEDIZOLID-PHOSPHATE (BRD:BRD-K89121095-001-01-7),TEDIZOLID-PHOSPHATE,3,5,0.855506664987436,0.809324536534638,0.04618212845279801,1.0,Sí,1.0
THIRAM (BRD:BRD-K29254801-001-14-7),THIRAM,4,3,0.561257743073584,0.531043506360365,0.03021423671321899,1.0,Sí,1.0
TIPIRACIL (BRD:BRD-K11973162-003-01-8),TIPIRACIL,5,5,0.83459571145395,0.826909002177011,0.00768670927693893,1.0,Sí,1.0
TRICIRIBINE (BRD:BRD-K80431395-001-07-3),TRICIRIBINE,4,5,0.8419805943423551,0.822697853545893,0.019282740796462083,1.0,Sí,1.0
TROVAFLOXACIN (BRD:BRD-K00494077-066-01-9),TROVAFLOXACIN,3,4,0.859009563895067,0.8674834085552581,-0.008473844660191077,1.0,Sí,1.0
TYRPHOSTIN-A9 (BRD:BRD-K40255344-001-17-6),TYRPHOSTIN-A9,5,5,0.821049228563024,0.824419288305156,-0.0033700597421320033,1.0,Sí,1.0
WZ-4002 (BRD:BRD-K72420232-001-12-3),WZ-4002,3,3,0.932626800411023,0.927417560205216,0.005209240205806931,1.0,Sí,1.0
