"ID","Description","GeneRatio","BgRatio","RichFactor","FoldEnrichment","zScore","pvalue","p.adjust","qvalue","geneID","Count"
"GO:0005201","extracellular matrix structural constituent","34/1587","168/18639",0.202380952380952,2.37692411558196,5.46915079749761,1.61744618512885e-06,0.00190506148574157,0.00177066185124916,"LAMA4/COL5A2/NID1/FMOD/COL3A1/ABI3BP/EDIL3/COL16A1/POSTN/NID2/FBN1/MUC5AC/VWF/COL2A1/EFEMP2/COL1A2/COL28A1/VCAN/DCN/SRPX/CTHRC1/SPOCK1/FN1/COL5A1/COL4A6/CRELD1/CHI3L1/CCN1/COL21A1/THBS1/COL8A2/ACAN/MUC4/ELN",34
"GO:0019838","growth factor binding","29/1587","136/18639",0.213235294117647,2.50440620482598,5.37172722061985,3.11794023852957e-06,0.00190506148574157,0.00177066185124916,"ERBB2/COL3A1/FGFR3/PDGFRB/COL2A1/PDGFRA/TSKU/LRP2/NTRK2/TGFB3/ERBB3/COL1A2/FGFR4/OSMR/IGFBPL1/TGFBR3/LIFR/NRP2/IGFBP1/HTRA1/IGFBP3/CEP57/ACVR1B/COL5A1/ITGB3/RHBDF1/CCN1/THBS1/IGFBP4",29
"GO:0005178","integrin binding","32/1587","161/18639",0.198757763975155,2.33437048691425,5.18755052426888,4.84067317665014e-06,0.00197176754062216,0.00183266187986158,"FGF2/ITGA4/PTN/COL3A1/PLPP3/EDIL3/ADAMTS5/COL16A1/FBN1/ITGB8/VWF/CCN3/FAP/FERMT2/VCAM1/JAM3/SVEP1/CDH26/FRMD5/EMP2/SLC6A4/ADAM23/TLN1/FN1/COL5A1/ITGB3/PTPRZ1/CCN1/F11R/CALR/THBS1/ITGA11",32
"GO:0015280","ligand-gated sodium channel activity","8/1587","18/18639",0.444444444444444,5.21991178323882,5.4643508930409,5.454058821756e-05,0.0166621497004646,0.0154866564965124,"GRIN1/SCNN1G/SHROOM2/SCNN1B/TPCN1/SCNN1A/GRIK4/ASIC3",8
"GO:0048407","platelet-derived growth factor binding","6/1587","11/18639",0.545454545454545,6.40625537033855,5.47154832461151,0.000119782154873037,0.0292747586509703,0.0272094621280016,"COL3A1/PDGFRB/COL2A1/PDGFRA/COL1A2/COL5A1",6
"GO:0005021","vascular endothelial growth factor receptor activity","13/1587","51/18639",0.254901960784314,2.99377293450461,4.34955580649766,0.000258952683607315,0.0325330193951219,0.0302378567726217,"ERBB2/EPHA5/FGFR3/RET/PDGFRB/PDGFRA/NTRK2/ROS1/FGFR4/NRP2/DDR2/EPHA1/MUSK",13
"GO:0005003","ephrin receptor activity","13/1587","53/18639",0.245283018867925,2.8808003709384,4.1830025107137,0.000389734786206477,0.0325330193951219,0.0302378567726217,"ERBB2/EPHA5/FGFR3/RET/PDGFRB/PDGFRA/NTRK2/ROS1/FGFR4/DDR2/EPHA1/MUSK/EFNA3",13
"GO:0005005","transmembrane-ephrin receptor activity","13/1587","53/18639",0.245283018867925,2.8808003709384,4.1830025107137,0.000389734786206477,0.0325330193951219,0.0302378567726217,"ERBB2/EPHA5/FGFR3/RET/PDGFRB/PDGFRA/NTRK2/ROS1/FGFR4/DDR2/EPHA1/MUSK/EFNA3",13
"GO:0038064","collagen receptor activity","13/1587","53/18639",0.245283018867925,2.8808003709384,4.1830025107137,0.000389734786206477,0.0325330193951219,0.0302378567726217,"ERBB2/EPHA5/FGFR3/RET/PDGFRB/PDGFRA/NTRK2/ROS1/FGFR4/DDR2/EPHA1/MUSK/ITGA11",13
"GO:0004714","transmembrane receptor protein tyrosine kinase activity","14/1587","60/18639",0.233333333333333,2.74045368620038,4.11933758146493,0.000410529967214567,0.0325330193951219,0.0302378567726217,"ERBB2/EPHA5/FGFR3/RET/PDGFRB/PDGFRA/NTRK2/ROS1/FGFR4/NRP2/DDR2/EPHA1/MUSK/EFNA3",14
"GO:0042043","neurexin family protein binding","6/1587","14/18639",0.428571428571429,5.03348636240886,4.60571356446886,0.000622211033967998,0.0325330193951219,0.0302378567726217,"CPE/NLGN1/SYTL3/SYTL1/SYTL2/SYTL5",6
"GO:0003924","GTPase activity","46/1587","331/18639",0.138972809667674,1.63220806515171,3.54041385778833,0.000655084588395677,0.0325330193951219,0.0302378567726217,"CRACR2A/RASD1/RGS4/RHOH/GNAI1/GNG11/RAB40C/RAB5B/RAB39A/RND1/RAB6C/RAB7B/RAP1GAP/ARL4C/RGS2/GCH1/GNL2/RAB15/RGS5/RASL11B/GBP5/TPPP/BMS1/ARL13B/RAB39B/RAB1B/RAB26/SEPTIN8/ARL6/RAB3D/ARL10/GTPBP4/RAB22A/LRRK2/EEF1A1/RNF112/ARL4A/SEPTIN12/GNG5/TUBB6/NRAS/EFTUD2/ARFRP1/GEM/RAB37/RHOB",46
"GO:0005004","GPI-linked ephrin receptor activity","12/1587","49/18639",0.244897959183673,2.87627792137649,4.01195421702613,0.000656598825811355,0.0325330193951219,0.0302378567726217,"ERBB2/EPHA5/FGFR3/RET/PDGFRB/PDGFRA/NTRK2/ROS1/FGFR4/DDR2/EPHA1/MUSK",12
"GO:0005008","hepatocyte growth factor receptor activity","12/1587","49/18639",0.244897959183673,2.87627792137649,4.01195421702613,0.000656598825811355,0.0325330193951219,0.0302378567726217,"ERBB2/EPHA5/FGFR3/RET/PDGFRB/PDGFRA/NTRK2/ROS1/FGFR4/DDR2/EPHA1/MUSK",12
"GO:0005009","insulin receptor activity","12/1587","49/18639",0.244897959183673,2.87627792137649,4.01195421702613,0.000656598825811355,0.0325330193951219,0.0302378567726217,"ERBB2/EPHA5/FGFR3/RET/PDGFRB/PDGFRA/NTRK2/ROS1/FGFR4/DDR2/EPHA1/MUSK",12
"GO:0005011","macrophage colony-stimulating factor receptor activity","12/1587","49/18639",0.244897959183673,2.87627792137649,4.01195421702613,0.000656598825811355,0.0325330193951219,0.0302378567726217,"ERBB2/EPHA5/FGFR3/RET/PDGFRB/PDGFRA/NTRK2/ROS1/FGFR4/DDR2/EPHA1/MUSK",12
"GO:0005018","platelet-derived growth factor alpha-receptor activity","12/1587","49/18639",0.244897959183673,2.87627792137649,4.01195421702613,0.000656598825811355,0.0325330193951219,0.0302378567726217,"ERBB2/EPHA5/FGFR3/RET/PDGFRB/PDGFRA/NTRK2/ROS1/FGFR4/DDR2/EPHA1/MUSK",12
"GO:0005020","stem cell factor receptor activity","12/1587","49/18639",0.244897959183673,2.87627792137649,4.01195421702613,0.000656598825811355,0.0325330193951219,0.0302378567726217,"ERBB2/EPHA5/FGFR3/RET/PDGFRB/PDGFRA/NTRK2/ROS1/FGFR4/DDR2/EPHA1/MUSK",12
"GO:0008288","boss receptor activity","12/1587","49/18639",0.244897959183673,2.87627792137649,4.01195421702613,0.000656598825811355,0.0325330193951219,0.0302378567726217,"ERBB2/EPHA5/FGFR3/RET/PDGFRB/PDGFRA/NTRK2/ROS1/FGFR4/DDR2/EPHA1/MUSK",12
"GO:0036332","placental growth factor receptor activity","12/1587","49/18639",0.244897959183673,2.87627792137649,4.01195421702613,0.000656598825811355,0.0325330193951219,0.0302378567726217,"ERBB2/EPHA5/FGFR3/RET/PDGFRB/PDGFRA/NTRK2/ROS1/FGFR4/DDR2/EPHA1/MUSK",12
"GO:0038062","protein tyrosine kinase collagen receptor activity","12/1587","49/18639",0.244897959183673,2.87627792137649,4.01195421702613,0.000656598825811355,0.0325330193951219,0.0302378567726217,"ERBB2/EPHA5/FGFR3/RET/PDGFRB/PDGFRA/NTRK2/ROS1/FGFR4/DDR2/EPHA1/MUSK",12
"GO:0060175","brain-derived neurotrophic factor receptor activity","12/1587","49/18639",0.244897959183673,2.87627792137649,4.01195421702613,0.000656598825811355,0.0325330193951219,0.0302378567726217,"ERBB2/EPHA5/FGFR3/RET/PDGFRB/PDGFRA/NTRK2/ROS1/FGFR4/DDR2/EPHA1/MUSK",12
"GO:0005539","glycosaminoglycan binding","36/1587","242/18639",0.148760330578512,1.74716055554688,3.56901661910252,0.00070576945230784,0.0325330193951219,0.0302378567726217,"FGF2/PTN/CXCL8/ADAMTS5/POSTN/FBN1/AOC1/CCN3/LAYN/EFEMP2/SELL/FGFR4/COL28A1/VCAN/TGFBR3/DCN/CXCL6/NRP2/SERPINE2/LIPH/SLIT1/TNFRSF11B/FN1/COL5A1/TMEM184A/FGF12/DPYSL3/CCN1/SMOC2/ADAMTS3/THBS1/ACAN/SULF1/SUSD5/SAA1/EGFLAM",36
"GO:0019199","transmembrane receptor protein kinase activity","16/1587","78/18639",0.205128205128205,2.40919005380253,3.80466690144127,0.000762760086501842,0.0325330193951219,0.0302378567726217,"ERBB2/EPHA5/FGFR3/RET/PDGFRB/PDGFRA/NTRK2/ROS1/FGFR4/TGFBR3/NRP2/DDR2/ACVR1B/EPHA1/MUSK/EFNA3",16
"GO:0005381","iron ion transmembrane transporter activity","5/1587","10/18639",0.5,5.87240075614367,4.7016325636865,0.000778120187992597,0.0325330193951219,0.0302378567726217,"SLC40A1/SLC25A37/MMGT1/SLC39A14/TTYH1",5
"GO:0005006","epidermal growth factor receptor activity","12/1587","50/18639",0.24,2.81875236294896,3.92853850448952,0.00079792707174077,0.0325330193951219,0.0302378567726217,"ERBB2/EPHA5/FGFR3/RET/PDGFRB/PDGFRA/NTRK2/ROS1/FGFR4/DDR2/EPHA1/MUSK",12
"GO:0005007","fibroblast growth factor receptor activity","12/1587","50/18639",0.24,2.81875236294896,3.92853850448952,0.00079792707174077,0.0325330193951219,0.0302378567726217,"ERBB2/EPHA5/FGFR3/RET/PDGFRB/PDGFRA/NTRK2/ROS1/FGFR4/DDR2/EPHA1/MUSK",12
"GO:0005017","platelet-derived growth factor receptor activity","12/1587","50/18639",0.24,2.81875236294896,3.92853850448952,0.00079792707174077,0.0325330193951219,0.0302378567726217,"ERBB2/EPHA5/FGFR3/RET/PDGFRB/PDGFRA/NTRK2/ROS1/FGFR4/DDR2/EPHA1/MUSK",12
"GO:0005019","platelet-derived growth factor beta-receptor activity","12/1587","50/18639",0.24,2.81875236294896,3.92853850448952,0.00079792707174077,0.0325330193951219,0.0302378567726217,"ERBB2/EPHA5/FGFR3/RET/PDGFRB/PDGFRA/NTRK2/ROS1/FGFR4/DDR2/EPHA1/MUSK",12
"GO:0043394","proteoglycan binding","10/1587","37/18639",0.27027027027027,3.17427067899658,4.03863966513719,0.000798682963873696,0.0325330193951219,0.0302378567726217,"FST/NID1/COL2A1/HPSE/SLIT1/CTSL/FN1/COL5A1/LRP1/THBS1",10
"GO:0005518","collagen binding","15/1587","72/18639",0.208333333333333,2.44683364839319,3.75244586011641,0.00093108217567355,0.0356885227759213,0.0331707434535439,"NID1/MRC2/CCBE1/NID2/LOX/VWF/P3H1/DDR2/AP1G1/C1QTNF1/CTSL/SPOCK1/FN1/THBS1/ITGA11",15
"GO:0005010","insulin-like growth factor receptor activity","12/1587","51/18639",0.235294117647059,2.76348270877349,3.84716149109015,0.000963765345012606,0.0356885227759213,0.0331707434535439,"ERBB2/EPHA5/FGFR3/RET/PDGFRB/PDGFRA/NTRK2/ROS1/FGFR4/DDR2/EPHA1/MUSK",12
"GO:0005030","neurotrophin receptor activity","12/1587","51/18639",0.235294117647059,2.76348270877349,3.84716149109015,0.000963765345012606,0.0356885227759213,0.0331707434535439,"ERBB2/EPHA5/FGFR3/RET/PDGFRB/PDGFRA/NTRK2/ROS1/FGFR4/DDR2/EPHA1/MUSK",12
"GO:0051059","NF-kappaB binding","9/1587","32/18639",0.28125,3.30322542533081,3.97808182175956,0.00106179008820213,0.0381619849347943,0.035469706042418,"BCL10/NPM1/TP53BP2/COMMD8/PSMA6/COMMD7/TAF4B/FAF1/HIF1AN",9
"GO:0008083","growth factor activity","26/1587","162/18639",0.160493827160494,1.88496814394735,3.45119795729584,0.00122796903914602,0.0428736618810412,0.0398489802477762,"FGF2/TFF1/CXCL1/PTN/IL6/BMP2/FGF5/PDGFC/CCN3/BMP6/TGFB3/BMP5/GDNF/EREG/VGF/NTF3/CD320/CSF1/DKK1/CSF2/FGF12/FGF22/JAG2/NTF4/RABEP2/GRN",26
"GO:0050840","extracellular matrix binding","14/1587","67/18639",0.208955223880597,2.45413762943317,3.63759238452261,0.00132053802644693,0.0438181198230731,0.040726807898265,"NID1/ADAMTS5/DCN/BCAM/CD248/OLFML2B/SPOCK1/LYPD3/ITGB3/CCN1/SMOC2/THBS1/OLFML2A/ELN",14
"GO:0032050","clathrin heavy chain binding","5/1587","11/18639",0.454545454545455,5.33854614194879,4.39094405426562,0.00132673521559223,0.0438181198230731,0.040726807898265,"PICALM/SNAP91/DNAJC6/LRP1/CLTA",5
"GO:0008201","heparin binding","27/1587","172/18639",0.156976744186047,1.84366070251022,3.39105102162608,0.00140235519273109,0.0448021986302283,0.0416414612128661,"FGF2/PTN/CXCL8/ADAMTS5/POSTN/FBN1/AOC1/CCN3/EFEMP2/SELL/FGFR4/COL28A1/TGFBR3/CXCL6/NRP2/SERPINE2/LIPH/SLIT1/FN1/COL5A1/TMEM184A/FGF12/CCN1/SMOC2/ADAMTS3/THBS1/SAA1",27
"GO:0015385","sodium:proton antiporter activity","6/1587","16/18639",0.375,4.40430056710775,4.15588500479646,0.00142985740309239,0.0448021986302283,0.0416414612128661,"SLC9A2/SLC9A9/SLC9C1/SLC9A8/SLC9A1/SLC9B2",6
"GO:0046873","metal ion transmembrane transporter activity","57/1587","450/18639",0.126666666666667,1.48767485822306,3.19471901643518,0.00159958315677567,0.0488672654394968,0.0454197427937093,"SLC6A15/TRPM4/CACNA2D1/KCNK2/CACNA1A/GRIN1/KCNG3/SLC40A1/KCNC3/LRRC26/SLC9A2/CACNA2D4/SLC12A1/SCNN1G/KCNIP1/ATP1A4/TMBIM6/CACNA1D/ABCC8/SLC9A9/SLC4A8/SHROOM2/CACHD1/KCNK6/SLC9C1/CACNA1H/TRPC4/TRPC3/SCNN1B/KCNJ8/KCNJ2/SLC9A8/CACNG1/TPCN1/SLC6A4/NIPAL2/HTR1B/SLC9A1/ATP2B2/TRPM6/SLC8A2/SLC25A37/TRPV4/KCNJ11/LRRC55/SLC9B2/SCNN1A/MMGT1/CACNA2D2/SLC39A14/GRIK4/SLC10A5/KCNH1/SLC34A3/KCNK3/TTYH1/ASIC3",57
"GO:0098631","cell adhesion mediator activity","15/1587","76/18639",0.197368421052632,2.31805293005671,3.51249746756373,0.0016592992271427,0.049455211111424,0.0459662096556348,"NEXN/NTNG1/VCAM1/JAM3/SVEP1/NECTIN3/ROBO4/BCAM/CNTN1/MCAM/PAK4/DSCAM/ANXA2/KRT18/ITGA11",15
