gene,baseMean,log2FoldChange,lfcSE,stat,pvalue,padj
FGF2 (2247),4602.0827899353235,-9.405206657850986,0.8882380859411014,-10.588609975990874,3.3655220132889486e-26,4.999146398539404e-22
ERBB2 (2064),175217.61730812187,6.555128291791635,0.7098025204333601,9.23514372390435,2.579394937739284e-20,1.9157166202589664e-16
TMEM63C (57156),1366.3288572188549,6.357142770056072,0.6943537943760214,9.155480709612736,5.4116328405780195e-20,2.67947980713153e-16
BCAS1 (8537),15314.044639064723,9.320507145494553,1.0262323660559585,9.082258028281991,1.0634530709250269e-19,3.9491329788800877e-16
CRACR2A (84766),1672.0615597473939,7.629477907541619,0.8549156446921674,8.924246450407155,4.487436953439838e-19,1.3331277701279073e-15
TFF1 (7031),8563.065090485705,11.158786642429767,1.2703760318141182,8.783845383555319,1.5797881306247505e-18,3.911028815383341e-15
ZEB1 (6935),1355.5800959607577,-6.930760817641032,0.8315339489160495,-8.334910230274618,7.755701366027156e-17,1.6457598298709627e-13
ZIC1 (7545),366.70737000153974,-8.22526122165697,1.0046054363981403,-8.187553962625756,2.665887115650328e-16,4.949885901983746e-13
IGDCC3 (9543),160.03714190439834,6.322833689378662,0.7763332080905403,8.144484383104295,3.8090151489842914e-16,6.286567891445851e-13
C5AR2 (27202),602.0063307572468,8.778081887762376,1.088773430564136,8.06235865180335,7.4836254551324615e-16,1.1116177251053758e-12
TFF3 (7033),12915.081209965685,10.805927043996158,1.3475052784873176,8.019209435770579,1.0642790848312816e-15,1.4371637750985323e-12
IL7R (3575),1416.0841389435127,-7.38443782458939,0.9311644828444641,-7.9303259098025976,2.1857151332293682e-15,2.7055510490824193e-12
LAMA4 (3910),1418.9701121410426,-6.732835563979573,0.851443520202921,-7.907553941305425,2.624954075658603e-15,2.9993129107563757e-12
KIF12 (113220),444.8434741032697,6.467095024418933,0.8257423678370047,7.831855644465961,4.807213039614969e-15,4.973109362199082e-12
ANPEP (290),14709.03519899556,-9.028751270958425,1.1536335627908973,-7.826359740363187,5.021990065503315e-15,4.973109362199082e-12
P2RX2 (22953),267.36011908571015,7.020662090543839,0.9046844611214055,7.760343403976837,8.46997277516508e-15,7.863310975143881e-12
DHRS2 (10202),15045.633362391154,7.15011682351125,0.9317606377389387,7.673769994042799,1.670134458904947e-14,1.4593045442690638e-11
COL5A2 (1290),13606.277551389105,-6.428380556473385,0.841580440262047,-7.638462408265749,2.1983111676279104e-14,1.8140952268858322e-11
PGAP3 (93210),18289.425401527566,5.8149934983691605,0.7723041942896743,7.529408154668242,5.0970823621674944e-14,3.984845337243998e-11
ZEB2 (9839),1302.9777114567557,-6.908051162415048,0.9231989045747606,-7.482733274685807,7.279252534605295e-14,5.406300857451353e-11
